City_ID,City,Country,Max Temp,Current Description,Lat,Lng,Hotel Name
0,Seoul,KR,67.44,mist,37.5683,126.9778,Lotte Hotel Seoul
4,Linqiong,CN,74.57,overcast clouds,30.4159,103.4609,Tianlun Tanxianglou Hotel
5,Yatou,CN,70.16,few clouds,37.15,122.3833,GreenTree Hotel Rongcheng Bus Station
6,Pachino,IT,73.44,clear sky,36.7186,15.0907,Pietra Bianca B&B
7,Hermanus,ZA,60.91,broken clouds,-34.4187,19.2345,Misty Waves Boutique Hotel
9,Port Alfred,ZA,61.99,few clouds,-33.5906,26.891,The Halyards Hotel
11,Saint-Philippe,RE,71.15,scattered clouds,-21.3585,55.7679,"Chambres d'h√¥te ""La Trinit√©"""
13,Rikitea,PF,72.9,clear sky,-23.1203,-134.9692,People ThankYou
16,Sao Jose Da Coroa Grande,BR,75.52,scattered clouds,-8.8978,-35.1478,Cr√¥a Mares Hotel
18,Hasaki,JP,70.2,moderate rain,35.7333,140.8333,Hotel Sunrise Choshi
19,Omboue,GA,76.44,light rain,-1.5746,9.2618,Hotel Olako
22,Hilo,US,78.24,moderate rain,19.7297,-155.09,Hilo Hawaiian Hotel
23,Castro,BR,63.01,scattered clouds,-24.7911,-50.0119,CHACARA BAILLY
26,Busselton,AU,61.09,broken clouds,-33.65,115.3333,Observatory Guest House
27,Aksu,CN,65.37,scattered clouds,41.1231,80.2644,Pudong Holiday Hotel
28,Vaini,TO,77.16,broken clouds,-21.2,-175.2,Keleti Beach Resort
31,Ribeira Grande,PT,71.89,few clouds,38.5167,-28.7,Quinta da Meia Eira
32,Mabini,PH,77.11,overcast clouds,15.6,120.9833,Anya's Private Pool
35,Tiarei,PF,84.22,light rain,-17.5333,-149.3333,Le Rocher de Tahiti
36,Lucapa,AO,65.93,light rain,-8.4192,20.7447,Resid√™ncia Ulisses Dos Santos
38,Caravelas,BR,74.8,clear sky,-17.7125,-39.2481,Pousada dos Navegantes
39,Puerto Ayora,EC,71.04,broken clouds,-0.7393,-90.3518,Finch Bay Galapagos Hotel
40,Dingle,PH,78.55,broken clouds,10.9995,122.6711,SEGAYA PROPERTY
41,Benguela,AO,71.01,broken clouds,-12.5763,13.4055,Hotel Praia Morena
42,Victoria,HK,85.32,few clouds,22.2855,114.1577,Mini Hotel Central
46,Kapaa,US,84.52,few clouds,22.0752,-159.319,Sheraton Kauai Coconut Beach Resort
47,Carlos Antonio Lopez,PY,80.4,scattered clouds,-26.4,-54.7667,Milenium
49,Avarua,CK,80.65,few clouds,-21.2078,-159.775,Paradise Inn
52,Thompson,CA,62.33,few clouds,55.7435,-97.8558,Burntwood Hotel
53,Cervignano Del Friuli,IT,62.17,broken clouds,45.8211,13.3381,Hotel Internazionale
55,East London,ZA,62.87,scattered clouds,-33.0153,27.9116,Tu Casa
56,Labuhan,ID,78.75,few clouds,-6.8844,112.2051,PT PPI Lamongan Tambak C
57,Touros,BR,77.9,clear sky,-5.1989,-35.4608,INN NEW HORIZON
58,Isangel,VU,75.79,overcast clouds,-19.55,169.2667,Tanna Lodge
60,Vila Velha,BR,65.95,scattered clouds,-20.3297,-40.2925,Quality Suites Vila Velha
65,Allende,MX,88.72,broken clouds,25.2833,-100.0167,Ecovergel Hotel Boutique
67,Richards Bay,ZA,66.36,light rain,-28.783,32.0377,BON Hotel Waterfront Richards Bay
68,Riyadh,SA,82.22,broken clouds,24.6877,46.7219,"InterContinental Riyadh, an IHG Hotel"
70,Nishihara,JP,81.68,scattered clouds,26.1842,127.7558,Minshuku Agaihama
71,Saint George,US,81.07,clear sky,37.1041,-113.5841,Best Western Plus Abbey Inn
74,Airai,TL,69.78,broken clouds,-8.9266,125.4092,Juvinal Martin
80,Ingham,US,69.28,clear sky,42.6,-84.3833,Sunset Mobile Home Park
82,Cap Malheureux,MU,72.46,scattered clouds,-19.9842,57.6142,Pereybere Hotel & Spa
83,Port Elizabeth,ZA,61.11,light rain,-33.918,25.5701,39 On Nile Guest House
84,Tautira,PF,84.22,light rain,-17.7333,-149.15,Pension Oaoa
85,Esperance,AU,60.89,clear sky,-33.8667,121.9,Hospitality Esperance
87,San Cristobal,VE,69.12,broken clouds,7.7669,-72.225,Posada Villaven C.A.
89,Aragarcas,BR,82.58,scattered clouds,-15.8975,-52.2508,Hotel Pousada Tropical
90,Hualmay,PE,65.95,scattered clouds,-11.0964,-77.6139,Hotel Villa Kitzia Huacho
94,Nsukka,NG,71.04,light rain,6.8561,7.3927,Golden Eve Hotel
95,Ponta Do Sol,PT,72.72,few clouds,32.6667,-17.1,Hotel do Campo
96,Traverse City,US,67.73,broken clouds,44.7631,-85.6206,Bayshore Resort
97,Grajau,BR,79.32,scattered clouds,-5.8194,-46.1386,Hotel Confian√ßa
99,Cascais,PT,65.61,broken clouds,38.6979,-9.4215,Hotel Vila Gal√© Cascais
100,Pisco,PE,62.02,scattered clouds,-13.7,-76.2167,Hotel San Isidro Oficial
102,Sakaiminato,JP,75.18,scattered clouds,35.55,133.2333,Âë≥Âá¶„ÉªÊ∞ëÂÆø „Åæ„Å§„ÇÑ
104,Almeirim,BR,79.2,broken clouds,-1.5233,-52.5817,Ric√°cio Hotel
105,Mount Isa,AU,78.57,few clouds,-20.7333,139.5,ibis Styles Mt Isa Verona
107,Geraldton,AU,64.81,scattered clouds,-28.7667,114.6,Broadwater Mariner Resort
108,Jalu,LY,74.64,few clouds,29.0331,21.5482,ÿµÿßÿ≠ÿ®ÿ© ÿßŸÑŸÅÿÆÿßŸÖÿ©
109,Guerrero Negro,MX,73.72,clear sky,27.9769,-114.0611,"Casa Laguna, Bed & Breakfast"
110,Meulaboh,ID,76.6,light rain,4.1363,96.1285,Kost Pria
115,Cidreira,BR,65.46,moderate rain,-30.1811,-50.2056,Hotel Castelo
117,Plouzane,FR,60.98,mist,48.3833,-4.6167,Carrefour Voyages Plouzan√©
118,Dir,PK,65.37,clear sky,35.2058,71.8756,Sindh Hotal Dir
120,Atuona,PF,78.42,clear sky,-9.8,-139.0333,Villa Enata
121,Tura,IN,73.53,overcast clouds,25.5198,90.2201,Hotel RIKMAN Continental
124,Mahebourg,MU,72.25,scattered clouds,-20.4081,57.7,Shandrani Beachcomber Resort & Spa
125,Carnarvon,AU,70.79,broken clouds,-24.8667,113.6333,Hospitality Carnarvon
126,Ahuimanu,US,89.31,scattered clouds,21.4447,-157.8378,Paradise Bay Resort
127,Bengkulu,ID,74.17,light rain,-3.8004,102.2655,Grage Hotel Bengkulu
128,Vanimo,PG,81.01,light rain,-2.6741,141.3028,Vahmoneh Lodge Vanimo
130,Shimoda,JP,75.31,heavy intensity rain,34.6667,138.95,Shimoda Tokyu Hotel
133,Katsuura,JP,70.11,overcast clouds,35.1333,140.3,Katsuura Hotel Mikazuki
134,Griffith,US,79.39,clear sky,41.5284,-87.4237,"Motel 6 Hammond, IN - Chicago Area"
135,Acari,PE,67.71,few clouds,-15.4311,-74.6158,HOSPEDAJE XIMENA
139,Saint Anthony,US,82.26,clear sky,45.0205,-93.218,"Holiday Inn Express Roseville-St. Paul, an IHG Hotel"
140,Arraial Do Cabo,BR,69.71,clear sky,-22.9661,-42.0278,Pousada Porto Praia
141,Xiaoweizhai,CN,66.96,clear sky,26.1903,107.5125,Karst Youth Hostel
142,North Myrtle Beach,US,77.29,overcast clouds,33.816,-78.68,Avista Resort
143,Nanakuli,US,89.55,scattered clouds,21.3906,-158.1547,Camp PƒÅlehua
145,Praia,CV,79.34,few clouds,14.9215,-23.5087,LT Aparthotel
146,Ranau,MY,70.45,overcast clouds,5.9538,116.6641,The Second Room
147,Warangal,IN,75.54,broken clouds,18.0,79.5833,Supreme Hotels
148,Mocuba,MZ,69.8,few clouds,-16.8392,36.9856,Phama Lodge
151,Balkanabat,TM,62.38,few clouds,39.5108,54.3671,Nebitchi Hotel
154,Faanui,PF,79.45,clear sky,-16.4833,-151.75,Bora-Bora Pearl Beach Resort & Spa
155,Mackay,AU,77.68,broken clouds,-21.15,149.2,International Lodge Motel
156,Kavieng,PG,83.34,light rain,-2.5744,150.7967,Nusa Island Retreat
157,Fukue,JP,75.56,scattered clouds,32.6881,128.8419,Goto Guesthouse Utojuku & SA Car Rental
161,Bambous Virieux,MU,72.21,scattered clouds,-20.3428,57.7575,Casa Tia Villa
163,Bathsheba,BB,83.1,overcast clouds,13.2167,-59.5167,Atlantis Hotel
164,Alice Springs,AU,65.75,clear sky,-23.7,133.8833,Desert Palms Alice Springs
165,Georgetown,MY,82.33,few clouds,5.4112,100.3354,Cititel Penang
170,Kudahuvadhoo,MV,82.04,overcast clouds,2.6708,72.8944,Niyama Private Islands Maldives
174,Butaritari,KI,81.59,light rain,3.0707,172.7902,Isles Sunset Lodge
175,Cape Town,ZA,61.12,clear sky,-33.9258,18.4232,Southern Sun Waterfront Cape Town
177,Hithadhoo,MV,81.1,broken clouds,-0.6,73.0833,Scoop Guest House
178,Bouar,CF,67.1,light rain,5.934,15.596,Motel de l'UNITE
180,Portland,US,62.58,light rain,45.5234,-122.6762,Embassy Suites by Hilton Portland Downtown
181,Bastia,FR,70.03,clear sky,42.6667,9.3333,Hotel Santa Maria
183,Kibala,TD,75.47,broken clouds,9.1104,18.3463,hotel safari
184,Lufilufi,WS,81.55,broken clouds,-13.8745,-171.5986,Leuaina Beach Resort and Spa
185,Mumford,GH,77.18,light rain,5.2618,-0.759,Spanish Villa
186,Gudur,IN,82.08,scattered clouds,14.1333,79.85,BALAJI KITCHENS
188,Santa Rita,BR,74.14,few clouds,-7.1139,-34.9781,Infinity Motel
194,Rock Sound,BS,81.82,clear sky,24.9,-76.2,Rock Sound Club
197,Denpasar,ID,76.71,few clouds,-8.65,115.2167,ASTON Denpasar Hotel & Convention Center
198,Troy,US,69.91,clear sky,42.6056,-83.1499,Embassy Suites by Hilton Detroit Troy Auburn Hills
199,Huarmey,PE,66.81,broken clouds,-10.0681,-78.1522,Hotel Miramar
201,Ixtapa,MX,85.23,overcast clouds,20.7,-105.2,Hotel Plaza Providencia
204,Paragominas,BR,75.69,broken clouds,-2.9667,-47.4833,INOVA
205,Hambantota,LK,77.34,few clouds,6.1241,81.1185,Bungalow 63
206,Ashta,IN,73.62,broken clouds,23.0167,76.7167,Digambar Jain Dharamshala
207,Biltine,TD,83.08,clear sky,14.5333,20.9167,H√¥tel Trois √âtoiles de Biltine
208,Camacha,PT,68.76,broken clouds,33.0833,-16.3333,Hotel Porto Santo & Spa
210,Sambava,MG,67.96,few clouds,-14.2667,50.1667,Melrose
211,Lithgow,AU,60.08,broken clouds,-33.4833,150.15,Zig Zag Motel Lithgow
212,Sao Felix Do Xingu,BR,74.44,light rain,-6.6447,-51.995,Rio Xingu Camping
214,Makakilo City,US,88.12,scattered clouds,21.3469,-158.0858,Marriott's Ko Olina Beach Club
216,Coahuayana,MX,81.88,overcast clouds,18.7333,-103.6833,El rranchito michuacan de ocampos
217,Gilbues,BR,86.31,broken clouds,-9.8317,-45.3439,Hotel Camapu√£
218,Praia Da Vitoria,PT,70.75,scattered clouds,38.7333,-27.0667,Hotel Branco I
221,Bireun,ID,75.56,light rain,5.203,96.7009,Rumah Bp.AR. ISMAIL
226,Puri,IN,83.37,broken clouds,19.8,85.85,OYO 1577 Hotel Shree Hari Grand
228,Doha,QA,82.38,clear sky,25.2867,51.5333,Movenpick Hotel Doha
229,Oussouye,SN,79.81,scattered clouds,12.485,-16.5469,Auberge du Routard
230,Huilong,CN,71.92,clear sky,31.8111,121.655,Hilton Garden Inn Qidong
235,Karratha,AU,72.91,scattered clouds,-20.7377,116.8463,ibis Styles Karratha
237,Seminole,US,83.37,clear sky,28.7086,-81.2081,Ono Hot Dog Cart and Catering
241,Monrovia,LR,76.77,overcast clouds,6.3005,-10.7969,Sunset Inn
243,Villa Carlos Paz,AR,65.39,clear sky,-31.4241,-64.4978,Monte Carlo
245,Hamilton,US,74.75,clear sky,39.1834,-84.5333,Six Acres Bed & Breakfast
248,Kahului,US,85.26,light rain,20.8947,-156.47,Maui Seaside Hotel
249,Westport,US,62.98,overcast clouds,41.1415,-73.3579,The Westport Inn
250,Ugoofaaru,MV,81.5,broken clouds,5.6667,73.0,Ungoofaaru Inn
251,Sioux Lookout,CA,72.64,broken clouds,50.1001,-91.917,Knobby's Fly-In Camps
252,Batticaloa,LK,78.39,moderate rain,7.7102,81.6924,Grand Star Guest House
253,Gizo,SB,83.32,overcast clouds,-8.103,156.8419,Imagination Island
254,Calamar,CO,84.15,overcast clouds,10.2511,-74.9146,Hostal Katyalex
258,Ninghai,CN,70.74,clear sky,29.2892,121.4247,Kaiyuan New Century Hotel
259,Olinda,BR,80.33,broken clouds,-8.0089,-34.8553,Hotel Albergue de Olinda
262,Yeppoon,AU,69.58,overcast clouds,-23.1333,150.7333,Villa Mar Colina
264,Miles City,US,77.5,clear sky,46.4083,-105.8406,FairBridge Inn & Suites Miles City
265,Lima,PE,61.14,broken clouds,-12.0432,-77.0282,Gran Hotel Bolivar Lima
266,Manacapuru,BR,72.18,overcast clouds,-3.2997,-60.6206,Novo Hotel
268,Kirakira,SB,84.38,overcast clouds,-10.4544,161.9205,SanBiz Lodge
271,Port Moresby,PG,79.36,overcast clouds,-9.4431,147.1797,Lamana Hotel (Port Moresby)
273,Tefe,BR,79.93,overcast clouds,-3.3542,-64.7114,Aracati Hotel
277,Eydhafushi,MV,81.5,broken clouds,5.1033,73.0708,Soneva Fushi
279,Alofi,NU,80.49,broken clouds,-19.0595,-169.9187,Taloa Heights
282,Flin Flon,CA,63.41,few clouds,54.7682,-101.865,Victoria Inn Flin Flon
283,Uchana,IN,80.71,few clouds,29.4667,76.1667,DR AMIT SHARMA
284,Inirida,CO,74.82,scattered clouds,3.8653,-67.9239,Fuente del Guania Hotel de Lujo
285,Santo Antonio Do Ica,BR,78.28,light rain,-3.1022,-67.9397,HOTEL AMAZON WAY
286,Eyl,SO,78.24,overcast clouds,7.9803,49.8164,Amiin Hotel
289,Hami,CN,62.85,clear sky,42.8,93.45,Laoyutang Resort
290,Kindu,CD,70.97,overcast clouds,-2.95,25.95,R√©sidence Okanda
291,Bosaso,SO,87.84,broken clouds,11.2842,49.1816,Red Sea Hotel
292,Padang,ID,75.94,overcast clouds,-0.9492,100.3543,Mercure Padang
296,Buenos Aires,AR,62.33,broken clouds,-34.6132,-58.3772,Hotel NH Buenos Aires City
297,Muroto,JP,80.64,broken clouds,33.2833,134.15,Oota Ryokan
300,Sao Joao Da Barra,BR,71.67,broken clouds,-21.6403,-41.0511,Pousada Porto De Canoas
310,Bafang,CM,63.95,light rain,5.1563,10.1788,Motel Mary-Alex
313,San-Pedro,CI,76.06,scattered clouds,4.7485,-6.6363,Hotel Maria
314,Lethem,GY,85.26,overcast clouds,3.3803,-59.7968,Savannah Inn
315,Mareeba,AU,76.48,overcast clouds,-17.0,145.4333,Trinity Plains Tourist Park
316,Peace River,CA,66.11,scattered clouds,56.2501,-117.286,BCMInns - Peace River
317,Bilma,NE,84.54,clear sky,18.6853,12.9164,Expeditions T√©n√©re voyages
319,Rio Branco,BR,79.41,few clouds,-9.9747,-67.81,In√°cio Palace Hotel
320,Misratah,LY,77.27,clear sky,32.3754,15.0925,ŸÅŸÜÿØŸÇ ÿßŸÑŸÖÿßÿ≥ÿ©
323,Lagoa,PT,70.38,broken clouds,39.05,-27.9833,Casa Das Faias
328,Pochutla,MX,86.83,broken clouds,15.7432,-96.4661,Hotel Posada San Jose
330,Maun,BW,76.69,broken clouds,-19.9833,23.4167,Enviro Villa
331,Torbay,CA,61.88,fog,47.6666,-52.7314,Gallows Cove
333,Bayir,TR,61.32,clear sky,37.2687,28.2167,Hotel Babadag
334,Mangan,IN,72.52,overcast clouds,27.5167,88.5333,Hotel Mout View
337,Pendleton,US,81.05,scattered clouds,45.6721,-118.7886,Americas Best Value Inn Pendleton
339,Shingu,JP,76.19,light rain,33.7333,135.9833,Shingu UI Hotel
340,San Andres,CO,84.22,broken clouds,12.5847,-81.7006,Hotel Arena Blanca
341,Suez,EG,70.66,clear sky,29.9737,32.5263,Green House
342,Redwater,US,85.42,scattered clouds,33.3582,-94.2544,Witterstaetter Properties
345,Quatre Cocos,MU,72.09,scattered clouds,-20.2078,57.7625,Sunrise Attitude Hotel
349,Altamont,US,74.89,clear sky,42.2068,-121.7372,Microtel Inn & Suites by Wyndham Klamath Falls
350,Faya,SA,63.12,broken clouds,18.3851,42.4509,ÿßŸÖŸÑÿßŸÉ ÿÆÿßŸÑÿØ ÿßŸÑÿ¥ÿπÿ¥Ÿàÿπ
352,Kalmunai,LK,78.58,heavy intensity rain,7.4167,81.8167,VS Villa
353,Winneba,GH,76.78,light rain,5.3511,-0.6231,Windy Lodge & Beach Resort
355,Boone,US,76.66,heavy intensity rain,39.0334,-92.3335,Cottonwoods RV Park
356,Sungaipenuh,ID,64.04,overcast clouds,-2.0833,101.3833,Hotel Jaya Wisata 2
357,White Rock,CA,60.69,light rain,49.0164,-122.8026,Ocean Promenade Hotel
359,Barcelos,PT,64.92,overcast clouds,41.5388,-8.6151,Hotel Do Ter√ßo
360,Garissa,KE,74.84,broken clouds,-0.4536,39.6401,Sharif Plaza Hotel
361,Mitsamiouli,KM,75.87,scattered clouds,-11.3847,43.2844,Foyer ADM
362,Petatlan,MX,89.4,overcast clouds,17.5167,-101.2667,Hotel California Petatl√°n
363,Yang Talat,TH,79.36,clear sky,16.3998,103.3679,‡πÇ‡∏£‡∏á‡πÅ‡∏£‡∏°‡∏Å‡∏π‡πä‡∏î‡∏ß‡∏¥‡∏ß
364,Kupang,ID,80.2,clear sky,-10.1667,123.5833,Hotel On The Rock by Prasanthi
365,Tarabha,IN,76.41,overcast clouds,20.7333,83.65,The spicy house
366,Lokoja,NG,77.13,light rain,7.8024,6.743,Hotel Charvid
369,Port Macquarie,AU,68.9,overcast clouds,-31.4333,152.9167,Rydges Port Macquarie
370,Vila Do Maio,CV,79.59,broken clouds,15.1333,-23.2167,Hotel Marilu
373,Ahualulco,MX,73.22,broken clouds,22.4,-101.1667,Hotel Aurelieus
374,Kieta,PG,80.06,light rain,-6.2167,155.6333,Uruna Bay Retreat
378,Beloit,US,84.29,broken clouds,42.5084,-89.0318,Best Western Legacy Inn & Suites Beloit-South Beloit
381,Inhambane,MZ,69.53,clear sky,-23.865,35.3833,Oceano
383,Dakar,SN,79.68,few clouds,14.6937,-17.4441,Redface Studios Meubl√©s
386,Naliya,IN,80.19,overcast clouds,23.2667,68.8333,jadeja jayendrasinh
387,Yulara,AU,69.64,clear sky,-25.2406,130.9889,Desert Gardens Hotel - Ayers Rock Resort
389,Ballina,AU,68.77,overcast clouds,-28.8667,153.5667,Ramada Hotel & Suites by Wyndham Ballina Byron
395,Mlalo,TZ,69.96,light rain,-4.9333,38.9333,B Farm
397,Raymond Terrace,AU,70.75,broken clouds,-32.75,151.75,Sleepy Hill Motor Inn
398,Aquiraz,BR,84.22,scattered clouds,-3.9014,-38.3911,Pousada Rua Camurupim
400,Jaisalmer,IN,83.64,overcast clouds,26.9147,70.9181,Hotel Fifu
402,Taber,CA,74.28,few clouds,49.8167,-112.1518,Taber Motel
404,Dwarka,IN,81.18,overcast clouds,22.2394,68.9678,Hotel Narayan Avezika Comfort
405,Vila Franca Do Campo,PT,71.2,broken clouds,37.7167,-25.4333,Pestana Bahia Praia
406,Niceville,US,84.15,broken clouds,30.5169,-86.4822,Hampton Inn Niceville-Eglin Air Force Base
408,San Juan,AR,70.74,clear sky,-31.5375,-68.5364,Hotel Provincial
409,Roura,GF,82.96,clear sky,4.7263,-52.3274,Amazonie D√©couverte SARL
411,Caninde,BR,81.52,broken clouds,-4.3589,-39.3117,Hotel Casa Grande II
412,Tabuk,PH,76.51,overcast clouds,17.4189,121.4443,Golden Berries Hotel and Convention
413,Pilar,BR,75.13,scattered clouds,-9.5972,-35.9567,Pousada e churrascaria Manguaba
415,Sao Filipe,CV,79.59,overcast clouds,14.8961,-24.4956,Hotel Xaguate
416,Parrita,CR,80.51,overcast clouds,9.5201,-84.3225,Beso del Viento
421,Palmerston,AU,85.93,broken clouds,-12.486,130.9833,Quest Palmerston - Serviced Apartments and Accommodation
422,Carutapera,BR,78.55,moderate rain,-1.195,-46.02,Lidera
423,Bahia Honda,CU,79.43,broken clouds,22.9036,-83.1592,Casa Gualberto - Deysi
425,Tuy Hoa,VN,76.8,broken clouds,13.0833,109.3,CenDeluxe Hotel Tuy Hoa
426,Sorong,ID,80.89,broken clouds,-0.8833,131.25,waigo splash hotel
428,Mahibadhoo,MV,82.11,overcast clouds,3.7833,72.9667,Omadhoo Inn
432,Fortuna,US,82.47,few clouds,40.5982,-124.1573,Super 8 by Wyndham Fortuna
433,Taltal,CL,61.57,few clouds,-25.4,-70.4833,Residencial Karime
434,Pizarro,CO,75.34,overcast clouds,4.9533,-77.366,Hotel Limonar
435,Marawi,PH,67.64,broken clouds,7.9986,124.2928,Derogongan Residence
438,Chokwe,MZ,70.14,overcast clouds,-24.5333,32.9833,Complexo Sonho Real
443,Tucuman,AR,80.53,clear sky,-26.8241,-65.2226,HOTEL MIAMI
444,Cabreuva,BR,68.27,clear sky,-23.3075,-47.1328,Unahy Cabre√∫va
445,Gambela,ET,69.44,broken clouds,8.25,34.5833,Solomon Debebe Hotel
449,Iquitos,PE,80.58,overcast clouds,-3.7481,-73.2472,Casa Morey Hotel & Restaurant
450,Muros,ES,60.24,overcast clouds,42.7762,-9.0603,Apartment Av. Castelao
451,Erzin,TR,74.12,clear sky,36.9559,36.2,Artemis Otel
452,Reconquista,AR,79.29,broken clouds,-29.15,-59.65,Grand Hotel
454,Port Blair,IN,80.96,broken clouds,11.6667,92.75,"Welcomhotel By ITC Hotels, Bay Island, Port Blair"
455,Beidao,CN,60.93,clear sky,34.5686,105.8933,Shell Tianshui Maiji District Erma Road Walking Street Hotel
456,Ormara,PK,83.35,overcast clouds,25.2088,64.6357,Crystal Beach and Camping Resort Ormara
457,Marrakesh,MA,84.27,scattered clouds,31.6315,-8.0083,Novotel Marrakech Hivernage
458,Tarija,BO,66.61,broken clouds,-21.5355,-64.7296,Hostal Granny
459,Ocos,GT,85.91,scattered clouds,14.5094,-92.1933,Auto Hotel El So√±ador
462,Souillac,MU,72.36,broken clouds,-20.5167,57.5167,Shanti Maurice Resort & Spa
464,Sidney,AU,65.32,light rain,-33.8679,151.2073,The Grace Sydney
465,Salalah,OM,80.69,few clouds,17.0151,54.0924,HAMDAN PLAZA HOTEL SALALAH
466,Cururupu,BR,75.56,overcast clouds,-1.8283,-44.8683,POUSADA TRAV√âS'CIA
468,Fomboni,KM,76.87,clear sky,-12.28,43.7425,Auberge les abou
469,Noshiro,JP,67.03,light rain,40.2039,140.0242,Azuma Ryokan
472,Great Yarmouth,GB,61.05,overcast clouds,52.6083,1.7305,Comfort Hotel Great Yarmouth
473,Kasama,ZM,70.43,scattered clouds,-10.2129,31.1808,Kalebalika Cottages
475,Phu Ly,VN,76.28,clear sky,20.5411,105.9139,5 Star Apartment Central Phu Ly
478,Baker City,US,72.82,clear sky,44.7749,-117.8344,Bridge Street Inn
481,Kodinar,IN,79.68,overcast clouds,20.7903,70.7031,residency of N.B vadhel
483,Seddon,AU,64.67,broken clouds,-37.8068,144.8916,Footscray Motor Inn
485,Huaura,PE,66.74,scattered clouds,-11.07,-77.5994,Hotel Restaurant Tur√≠stico Casablanca
486,Kumluca,TR,73.94,scattered clouds,36.3703,30.2869,TurkuazK√∂y
487,Eureka,US,79.66,scattered clouds,40.8021,-124.1637,Eureka Inn Trademark By Wyndham
488,Ilhabela,BR,68.94,overcast clouds,-23.7781,-45.3581,Ilha Flat Hotel
489,Pasni,PK,85.15,overcast clouds,25.2631,63.471,Kashmiri Hotal
490,Ribas Do Rio Pardo,BR,87.49,broken clouds,-20.4431,-53.7592,Pousada Avenida
491,Coari,BR,77.88,overcast clouds,-4.085,-63.1414,HOTEL ALEX FLAT
494,Banda Aceh,ID,78.17,overcast clouds,5.5577,95.3222,Sulthan Hotel International
496,Ponta Delgada,PT,71.51,few clouds,37.7333,-25.6667,Vila Nova Hotel
497,Acapulco,MX,85.82,broken clouds,16.8634,-99.8901,HS Hotsson Smart Acapulco
498,Yenagoa,NG,75.13,heavy intensity rain,4.9247,6.2642,Aridolf Resort Wellness and Spa
501,West Des Moines,US,83.26,few clouds,41.572,-93.7453,Sheraton West Des Moines Hotel
503,Ulladulla,AU,66.87,overcast clouds,-35.35,150.4667,Sandpiper Motel
505,Cabedelo,BR,77.67,few clouds,-6.9811,-34.8339,Hotel Pigalle
506,Bahar,IR,60.55,clear sky,34.9072,48.4414,ŸÖÿ≠ŸÖÿØ ÿ±ÿ∂ÿß ÿπŸÑ€åÿ≤ÿßÿØŸá
507,Mendota,US,88.02,clear sky,36.7536,-120.3816,MAA
509,Angoche,MZ,73.92,clear sky,-16.2325,39.9086,Guest House HESADA
511,Loralai,PK,72.45,clear sky,30.3705,68.598,Sana Poultry Loralai
513,Sola,VU,79.65,overcast clouds,-13.8833,167.55,Leumerus Bungalows
517,Northam,GB,61.39,overcast clouds,51.0333,-4.2167,Durrant House Hotel
519,Kulhudhuffushi,MV,81.97,overcast clouds,6.6221,73.07,Hondaafushi Island Resort
520,Palpa,PE,74.59,scattered clouds,-14.5336,-75.1856,Palpa Lines
521,La Cruz,MX,85.1,clear sky,23.9167,-106.9,LIBERADOR DE CELULAS MADRE ADULTAS
523,Srivardhan,IN,76.32,overcast clouds,18.0333,73.0167,Savli Resort/Hotel - Shrivardhan
524,Aviles,ES,60.73,clear sky,43.5547,-5.9248,"Palacio de Avil√©s, Affiliated by Meli√°"
525,Mogadishu,SO,77.99,overcast clouds,2.0371,45.3438,Hotel Juba
526,Mudgee,AU,63.63,overcast clouds,-32.5943,149.5871,Parklands Resort & Conference Centre
528,Panama City,PA,81.37,scattered clouds,8.9936,-79.5197,Riande Urban Hotel
530,Ariquemes,BR,77.95,moderate rain,-9.9133,-63.0408,Hotel Sol Nascente - Ariquemes - RO
531,Bardiyah,LY,73.74,clear sky,31.7561,25.0865,ÿ®Ÿàÿ±ÿ™Ÿà ÿ®ÿ±ÿØŸäÿ©
534,Nipawin,CA,70.27,scattered clouds,53.3668,-104.0009,Tobin Lake Motel
535,Daboh,IN,80.19,clear sky,26.0025,78.8761,Purani Haat
536,Popondetta,PG,86.58,overcast clouds,-8.7537,148.2534,Timos Transit House
537,Albox,ES,69.33,overcast clouds,37.3886,-2.1495,Steve Conroy Los Olivos
538,Khandbari,NP,69.03,overcast clouds,27.3747,87.2039,Sainik Hotel And Lodge
540,Boke,GN,75.9,scattered clouds,10.9409,-14.2967,H√¥tel Rio Nunez - Bok√©
541,Poum,NC,75.4,broken clouds,-20.2333,164.0167,G√Æte kajeon
544,Bambanglipuro,ID,61.61,overcast clouds,-7.95,110.2833,Puri Brata
545,Saint-Joseph,RE,70.16,scattered clouds,-21.3667,55.6167,"""Plantation Bed and Breakfast"
546,Ilo,PE,62.64,scattered clouds,-17.6394,-71.3375,Torreblanca Hotel
547,Taungdwingyi,MM,76.41,few clouds,20.0167,95.55,NayNaing MobileService
552,Soe,ID,74.8,few clouds,-9.8607,124.284,Dena Hotel
553,Hibbing,US,80.02,clear sky,47.4272,-92.9377,Americas Best Value Inn Hibbing
554,Margate,GB,62.31,overcast clouds,51.3813,1.3862,Premier Inn Margate hotel
555,Chepareria,KE,62.49,overcast clouds,1.3077,35.2039,Hamza Lodge
556,Neuquen,AR,62.49,clear sky,-38.9516,-68.0591,Hotel del Comahue
557,Gushikawa,JP,81.99,few clouds,26.3544,127.8686,Kirari Guest House
559,Saint Pete Beach,US,88.14,clear sky,27.7253,-82.7412,Grand Plaza Hotel - St. Pete Beach
560,Lorengau,PG,78.12,light rain,-2.0226,147.2712,Lorengau Harbourside Hotel
562,San Quintin,MX,72.91,clear sky,30.4833,-115.95,Don Eddie's Sport Fishing Center
563,Trincomalee,LK,78.53,overcast clouds,8.5711,81.2335,Welcombe Hotel
566,Lazaro Cardenas,MX,83.44,scattered clouds,17.9583,-102.2,quinta antigua
570,Amahai,ID,78.91,overcast clouds,-3.3333,128.9167,HOTEL ISABELA
571,Tra Vinh,VN,77.23,overcast clouds,9.9347,106.3453,H·ªìng √Çn
572,Cayenne,GF,83.08,clear sky,4.9333,-52.3333,H√¥tel Le Dronmi
573,Bemidji,US,79.14,scattered clouds,47.4736,-94.8803,Hampton Inn & Suites Bemidji
574,High Wycombe,GB,60.3,overcast clouds,51.6291,-0.7493,"Holiday Inn High Wycombe M40, Jct. 4"
575,Lodwar,KE,84.2,broken clouds,3.1191,35.5973,Solmar Gracious Hotel
576,Vegueta,PE,65.39,scattered clouds,-11.0231,-77.6431,Hospedaje Gavi√≥n
578,Port Angeles,US,60.57,overcast clouds,48.1181,-123.4307,Red Lion Hotel Port Angeles Harbor
579,Khuzdar,PK,75.87,overcast clouds,27.7384,66.6434,jhalwan Rent A Car Moola Chotok Boking Office
583,Eirunepe,BR,76.15,overcast clouds,-6.6603,-69.8736,Atr√°s de voc√™
585,Port Hedland,AU,73.45,clear sky,-20.3167,118.5667,The Esplanade Hotel
586,Santiago Del Estero,AR,83.8,clear sky,-27.7951,-64.2615,Apartamentos Castelli 90
587,Baft,IR,63.63,few clouds,29.234,56.6057,ÿ®ÿßŸÅÿ™ ÿÆ€åÿßÿ®ÿßŸÜ ÿ∑ÿßŸÑŸÇÿßŸÜ€å ÿ∫ÿ±ÿ®€å ÿ≥ÿßÿÆÿ™ŸÖÿßŸÜ ŸÖÿßÿØÿ±
588,Ribeira Brava,PT,72.72,clear sky,32.65,-17.0667,Hotel do Campo
591,Namatanai,PG,81.99,light rain,-3.6667,152.4333,Seagulls Inn Namatani
592,Porto-Vecchio,FR,69.33,clear sky,41.591,9.2795,H√¥tel Le Go√©land - Casa Santini
593,Montepuez,MZ,69.51,few clouds,-13.1256,38.9997,PembaAparthotel
594,Mattru,SL,74.26,scattered clouds,7.6244,-11.8332,"Mondkor Town, Bagbo Chiefdom, Bo District"
595,Peruibe,BR,68.32,overcast clouds,-24.32,-46.9983,Hotel Pousada Xapuri
596,Inongo,CD,68.59,overcast clouds,-1.95,18.2667,Hotel Du Lac
597,Ypsonas,CY,70.99,clear sky,34.6884,32.9574,Club Aphrodite
603,Paka,MY,77.36,overcast clouds,4.6374,103.4368,RUMBIA RESORT VILLA
604,Mehran,IR,74.68,clear sky,33.1222,46.1646,ÿ®Ÿàÿ™€å⁄© ÿ≤ŸÜÿßŸÜŸá ÿ®Ÿáÿßÿ±
606,Buala,SB,83.79,light rain,-8.145,159.5921,Maringe Lagoon Lodge
607,Dabakala,CI,74.3,overcast clouds,8.3667,-4.4333,H√¥tel Campement
608,San Isidro,PE,62.26,broken clouds,-12.1167,-77.05,Soul Mate-Inn
613,Wuda,CN,62.01,few clouds,39.4994,106.7117,Grape Sightseeing Garden
614,Maragogi,BR,75.18,scattered clouds,-9.0122,-35.2225,Salinas do Maragogi All Inclusive Resort
616,Jacareacanga,BR,74.95,overcast clouds,-6.2222,-57.7528,Casa do Ianüòé
617,Colares,PT,65.44,broken clouds,38.7992,-9.4469,Arribas Sintra Hotel
619,Ternate,ID,81.0,few clouds,0.8,127.4,Grand Dafam Bela Ternate
620,Kochinda,IN,73.87,overcast clouds,21.7333,84.35,Shristi Lodge
621,Olot,ES,65.21,few clouds,42.181,2.4901,Hotel Riu Fluvi√†
622,Naze,JP,77.92,clear sky,28.3667,129.4833,„Ç™„Éº„Éô„É´„Ç∏„É•„Éª„Ç¢„Ç¨„É´„Ç§
623,Chalus,IR,67.46,broken clouds,36.655,51.4204,ŸÜÿ∏ÿßŸÖ ŸÖŸáŸÜÿØÿ≥Ÿä ÿ≥ÿßÿÆÿ™ŸÖÿßŸÜ ⁄ÜÿßŸÑŸàÿ≥
629,Nizwa,OM,83.97,overcast clouds,22.9333,57.5333,Orient Apartments
630,Luanda,AO,72.73,overcast clouds,-8.8368,13.2343,LANDU MARINEZA LUFUANDU TONI
632,Barinas,VE,78.98,few clouds,8.6226,-70.2075,Hotel Mastranto Suite
633,Saravena,CO,72.91,moderate rain,6.9538,-71.8752,Hotel Diamante Saravena
634,Oistins,BB,84.29,scattered clouds,13.0667,-59.5333,Butterfly Beach Hotel
636,Minggang,CN,68.5,clear sky,32.4586,114.0486,Yindu Hotel
641,Coxim,BR,87.76,broken clouds,-18.5067,-54.76,Hotel Avenida
643,Kailua,US,89.58,scattered clouds,21.4022,-157.7394,Sheffield House Bed & Breakfast
645,Emerald,AU,69.94,overcast clouds,-23.5333,148.1667,The Irish Village
646,Guntakal,IN,77.22,broken clouds,15.1667,77.3833,Vasavi Pipes Office
647,Manbij,SY,65.17,clear sky,36.5281,37.9549,Manbej City Hotel
648,Sur,OM,87.71,overcast clouds,22.5667,59.5289,Sur Plaza Hotel
649,Fernley,US,77.11,clear sky,39.608,-119.2518,Super 8 by Wyndham Fernley
650,Trairi,BR,79.11,broken clouds,-3.2778,-39.2689,janelas do mar
651,Porto Belo,BR,71.96,overcast clouds,-27.1578,-48.5531,Costa Verde Beach Hotel
656,Chengdu,CN,75.09,few clouds,30.6667,104.0667,Crowne Plaza Chengdu City Center
657,Boyolangu,ID,75.24,overcast clouds,-8.1181,111.8935,Yos ega cv
658,Kavaratti,IN,81.46,overcast clouds,10.5669,72.642,Hotels in Lakshadweep Islands
661,Parati,BR,68.97,overcast clouds,-23.2178,-44.7131,Che Lagarto Paraty
663,Calabozo,VE,78.73,moderate rain,8.9242,-67.4293,Hotel Giardini
665,Loandjili,CG,76.24,overcast clouds,-4.7561,11.8578,R√©sidence ARCHANGE
670,Saint-Pierre,RE,71.24,few clouds,-21.3393,55.4781,Lindsey H√¥tel
671,Masaguisi,PH,79.48,overcast clouds,12.7545,121.4484,Prisville Triangle Resort
672,Champerico,GT,85.95,scattered clouds,14.3,-91.9167,"Hotel y restaurante ""El Diamante"""
674,Singkawang,ID,76.71,light rain,0.9,109.0,Capital O 1822 Wahana Inn
677,Conceicao Da Barra,BR,74.77,clear sky,-18.5933,-39.7322,Cricar√© Praia Hotel
679,Mount Kisco,US,63.09,clear sky,41.2043,-73.7271,Crabtree's Kittle House Restaurant & Inn
681,Gat,IL,72.39,clear sky,31.61,34.7642,OlusHome
684,Myrtle Beach,US,77.18,overcast clouds,33.6891,-78.8867,Bay View Resort Myrtle Beach
685,Gela,IT,73.94,few clouds,37.0803,14.2307,B&B Santiago
688,Weligama,LK,77.65,overcast clouds,5.9667,80.4167,Weligama Bay Resort
689,Kpalime,TG,72.16,light rain,6.9,0.6333,Hotel La Lumiere Kpalim√©
691,Marystown,CA,60.85,overcast clouds,47.1666,-55.1483,Marystown Hotel & Convention Centre
692,Nouakchott,MR,78.73,clear sky,18.0858,-15.9785,HOTEL IMAN ŸÅŸÜÿØŸÇ ÿ•ŸäŸÖÿßŸÜ
693,Padilla,CO,72.97,overcast clouds,3.2204,-76.3139,La Granadina
694,Takoradi,GH,76.46,light rain,4.8845,-1.7554,Raybow International Hotel
695,Hobyo,SO,77.95,overcast clouds,5.3505,48.5268,Halane Hotel and Restaurent
