City_ID,City,Country,Lat,Lng,Max Temp,Humidity,Cloudiness,Wind Speed,Current Description
0,Seoul,KR,37.5683,126.9778,67.44,94,75,6.91,mist
1,Gamba,GA,-2.65,10.0,75.47,86,93,7.72,overcast clouds
2,Longyearbyen,SJ,78.2186,15.6401,31.84,86,0,2.3,clear sky
3,Kruisfontein,ZA,-34.0033,24.7314,58.89,97,100,2.53,light rain
4,Linqiong,CN,30.4159,103.4609,74.57,81,95,1.03,overcast clouds
5,Yatou,CN,37.15,122.3833,70.16,89,18,5.23,few clouds
6,Pachino,IT,36.7186,15.0907,73.44,73,3,9.66,clear sky
7,Hermanus,ZA,-34.4187,19.2345,60.91,81,77,9.08,broken clouds
8,Coquimbo,CL,-29.9533,-71.3436,57.38,74,0,7.96,clear sky
9,Port Alfred,ZA,-33.5906,26.891,61.99,92,15,4.68,few clouds
10,Chuy,UY,-33.6971,-53.4616,59.0,94,100,11.27,light rain
11,Saint-Philippe,RE,-21.3585,55.7679,71.15,80,49,12.06,scattered clouds
12,Ushuaia,AR,-54.8,-68.3,36.16,80,99,5.28,overcast clouds
13,Rikitea,PF,-23.1203,-134.9692,72.9,74,3,18.1,clear sky
14,Bredasdorp,ZA,-34.5322,20.0403,56.28,98,66,2.37,light rain
15,Yellowknife,CA,62.456,-114.3525,50.41,95,100,4.0,overcast clouds
16,Sao Jose Da Coroa Grande,BR,-8.8978,-35.1478,75.52,87,34,8.93,scattered clouds
17,Cabo San Lucas,MX,22.8909,-109.9124,91.51,61,1,11.5,clear sky
18,Hasaki,JP,35.7333,140.8333,70.2,91,100,27.63,moderate rain
19,Omboue,GA,-1.5746,9.2618,76.44,87,100,8.01,light rain
20,Khatanga,RU,71.9667,102.5,28.56,98,100,7.11,overcast clouds
21,Halifax,CA,44.6453,-63.5724,57.69,88,70,8.99,broken clouds
22,Hilo,US,19.7297,-155.09,78.24,95,90,4.61,moderate rain
23,Castro,BR,-24.7911,-50.0119,63.01,77,48,10.49,scattered clouds
24,Jamestown,US,42.097,-79.2353,54.84,77,1,1.99,clear sky
25,Dikson,RU,73.5069,80.5464,32.95,88,100,23.58,overcast clouds
26,Busselton,AU,-33.65,115.3333,61.09,88,69,17.45,broken clouds
27,Aksu,CN,41.1231,80.2644,65.37,21,26,4.72,scattered clouds
28,Vaini,TO,-21.2,-175.2,77.16,78,75,8.05,broken clouds
29,Rakitnoye,RU,50.8389,35.8515,39.45,70,0,5.91,clear sky
30,Zastron,ZA,-30.3023,27.084,52.86,89,92,6.17,light rain
31,Ribeira Grande,PT,38.5167,-28.7,71.89,84,13,2.04,few clouds
32,Mabini,PH,15.6,120.9833,77.11,92,99,2.28,overcast clouds
33,Luba,GQ,3.4568,8.5547,78.66,85,100,5.32,light rain
34,Lavrentiya,RU,65.5833,-171.0,33.67,77,53,18.72,broken clouds
35,Tiarei,PF,-17.5333,-149.3333,84.22,76,10,17.25,light rain
36,Lucapa,AO,-8.4192,20.7447,65.93,94,100,1.43,light rain
37,Ahipara,NZ,-35.1667,173.1667,59.49,57,31,7.14,scattered clouds
38,Caravelas,BR,-17.7125,-39.2481,74.8,83,3,8.75,clear sky
39,Puerto Ayora,EC,-0.7393,-90.3518,71.04,88,68,8.68,broken clouds
40,Dingle,PH,10.9995,122.6711,78.55,86,81,1.74,broken clouds
41,Benguela,AO,-12.5763,13.4055,71.01,80,83,5.91,broken clouds
42,Victoria,HK,22.2855,114.1577,85.32,86,11,1.01,few clouds
43,Mataura,NZ,-46.1927,168.8643,52.48,67,95,6.02,overcast clouds
44,Hobart,AU,-42.8794,147.3294,58.12,96,90,1.99,drizzle
45,Husavik,IS,66.0449,-17.3389,41.16,83,100,16.44,overcast clouds
46,Kapaa,US,22.0752,-159.319,84.52,68,20,4.0,few clouds
47,Carlos Antonio Lopez,PY,-26.4,-54.7667,80.4,49,41,3.94,scattered clouds
48,Ukiah,US,39.1502,-123.2078,93.13,18,1,5.75,clear sky
49,Avarua,CK,-21.2078,-159.775,80.65,74,22,16.11,few clouds
50,Charyshskoye,RU,51.3978,83.5598,37.63,99,100,3.76,overcast clouds
51,Adrar,MR,20.5022,-10.0711,91.13,11,3,4.76,clear sky
52,Thompson,CA,55.7435,-97.8558,62.33,49,12,2.68,few clouds
53,Cervignano Del Friuli,IT,45.8211,13.3381,62.17,61,56,2.3,broken clouds
54,Cherskiy,RU,68.75,161.3,16.75,94,95,5.66,overcast clouds
55,East London,ZA,-33.0153,27.9116,62.87,91,36,3.96,scattered clouds
56,Labuhan,ID,-6.8844,112.2051,78.75,76,18,12.44,few clouds
57,Touros,BR,-5.1989,-35.4608,77.9,80,3,15.19,clear sky
58,Isangel,VU,-19.55,169.2667,75.79,78,100,15.17,overcast clouds
59,New Norfolk,AU,-42.7826,147.0587,57.76,73,100,2.95,overcast clouds
60,Vila Velha,BR,-20.3297,-40.2925,65.95,86,41,9.71,scattered clouds
61,Lata,PT,40.1629,-8.3327,59.81,81,79,1.77,broken clouds
62,Dunmanway,IE,51.7167,-9.1167,56.32,91,100,20.38,moderate rain
63,Punta Arenas,CL,-53.15,-70.9167,42.12,56,97,17.49,overcast clouds
64,Tuktoyaktuk,CA,69.4541,-133.0374,24.3,87,19,5.82,few clouds
65,Allende,MX,25.2833,-100.0167,88.72,55,61,8.57,broken clouds
66,Lebu,CL,-37.6167,-73.65,50.94,82,72,7.09,moderate rain
67,Richards Bay,ZA,-28.783,32.0377,66.36,88,100,8.88,light rain
68,Riyadh,SA,24.6877,46.7219,82.22,13,53,2.44,broken clouds
69,Chernyshevskiy,RU,63.0128,112.4714,25.39,83,48,3.18,scattered clouds
70,Nishihara,JP,26.1842,127.7558,81.68,74,40,12.66,scattered clouds
71,Saint George,US,37.1041,-113.5841,81.07,14,1,7.0,clear sky
72,Sidi Ali,DZ,36.0998,0.4206,70.16,74,68,6.6,broken clouds
73,Kozhva,RU,65.1073,57.0459,31.69,87,99,6.11,overcast clouds
74,Airai,TL,-8.9266,125.4092,69.78,39,72,2.68,broken clouds
75,Nikolskoye,RU,59.7035,30.7861,44.49,95,23,4.68,few clouds
76,Necochea,AR,-38.5473,-58.7368,53.04,91,43,9.35,scattered clouds
77,Marzuq,YE,14.4,46.4667,76.14,46,98,4.74,overcast clouds
78,Tasiilaq,GL,65.6145,-37.6368,35.76,89,5,5.26,clear sky
79,Yongan,CN,39.6957,113.6871,50.43,56,7,1.19,clear sky
80,Ingham,US,42.6,-84.3833,69.28,69,1,4.61,clear sky
81,Homer,US,59.6425,-151.5483,46.29,57,90,10.36,overcast clouds
82,Cap Malheureux,MU,-19.9842,57.6142,72.46,74,26,8.01,scattered clouds
83,Port Elizabeth,ZA,-33.918,25.5701,61.11,100,90,8.05,light rain
84,Tautira,PF,-17.7333,-149.15,84.22,77,22,16.33,light rain
85,Esperance,AU,-33.8667,121.9,60.89,70,7,7.45,clear sky
86,Saint-Francois,FR,46.4154,3.9054,44.04,96,5,2.3,clear sky
87,San Cristobal,VE,7.7669,-72.225,69.12,88,52,4.23,broken clouds
88,Biysk,RU,52.5364,85.2072,39.69,93,98,5.88,light rain
89,Aragarcas,BR,-15.8975,-52.2508,82.58,48,39,3.67,scattered clouds
90,Hualmay,PE,-11.0964,-77.6139,65.95,80,31,10.11,scattered clouds
91,Provideniya,RU,64.3833,-173.3,35.71,60,75,17.9,broken clouds
92,Luderitz,NA,-26.6481,15.1594,54.86,98,27,8.32,scattered clouds
93,Ayan,RU,56.45,138.1667,47.25,78,94,3.47,overcast clouds
94,Nsukka,NG,6.8561,7.3927,71.04,94,88,4.21,light rain
95,Ponta Do Sol,PT,32.6667,-17.1,72.72,69,11,8.28,few clouds
96,Traverse City,US,44.7631,-85.6206,67.73,68,75,5.75,broken clouds
97,Grajau,BR,-5.8194,-46.1386,79.32,66,38,3.8,scattered clouds
98,Goderich,CA,43.7501,-81.7165,59.92,71,4,9.19,clear sky
99,Cascais,PT,38.6979,-9.4215,65.61,61,63,11.99,broken clouds
100,Pisco,PE,-13.7,-76.2167,62.02,89,41,8.28,scattered clouds
101,Ancud,CL,-41.8697,-73.8203,45.54,63,12,4.88,few clouds
102,Sakaiminato,JP,35.55,133.2333,75.18,73,40,11.5,scattered clouds
103,Qaanaaq,GL,77.484,-69.3632,27.59,88,100,13.31,overcast clouds
104,Almeirim,BR,-1.5233,-52.5817,79.2,73,81,3.2,broken clouds
105,Mount Isa,AU,-20.7333,139.5,78.57,21,18,12.66,few clouds
106,Aliwal North,ZA,-30.6937,26.7114,54.77,90,35,6.15,light rain
107,Geraldton,AU,-28.7667,114.6,64.81,94,40,11.5,scattered clouds
108,Jalu,LY,29.0331,21.5482,74.64,62,22,9.93,few clouds
109,Guerrero Negro,MX,27.9769,-114.0611,73.72,54,0,11.54,clear sky
110,Meulaboh,ID,4.1363,96.1285,76.6,90,100,8.5,light rain
111,Navlya,RU,52.8281,34.4989,39.58,90,6,3.74,clear sky
112,Boyabat,TR,41.4689,34.7667,49.53,87,33,4.03,scattered clouds
113,Stavern,NO,59.0,10.0333,51.44,98,93,10.13,overcast clouds
114,Aberdeen,GB,57.1437,-2.0981,52.21,99,64,3.44,broken clouds
115,Cidreira,BR,-30.1811,-50.2056,65.46,79,100,26.11,moderate rain
116,Kozelsk,RU,54.0375,35.7716,39.49,91,0,2.62,clear sky
117,Plouzane,FR,48.3833,-4.6167,60.98,94,90,19.57,mist
118,Dir,PK,35.2058,71.8756,65.37,83,3,4.52,clear sky
119,Dudinka,RU,69.4058,86.1778,27.75,97,97,9.15,overcast clouds
120,Atuona,PF,-9.8,-139.0333,78.42,66,8,17.25,clear sky
121,Tura,IN,25.5198,90.2201,73.53,83,100,2.17,overcast clouds
122,Kodinsk,RU,58.6881,99.1844,31.62,91,60,4.18,broken clouds
123,Dukat,RU,62.55,155.55,21.9,91,100,5.99,snow
124,Mahebourg,MU,-20.4081,57.7,72.25,75,34,14.14,scattered clouds
125,Carnarvon,AU,-24.8667,113.6333,70.79,82,51,11.45,broken clouds
126,Ahuimanu,US,21.4447,-157.8378,89.31,65,40,18.41,scattered clouds
127,Bengkulu,ID,-3.8004,102.2655,74.17,88,100,3.8,light rain
128,Vanimo,PG,-2.6741,141.3028,81.01,80,100,2.51,light rain
129,Barrow,US,71.2906,-156.7887,28.42,80,75,11.5,broken clouds
130,Shimoda,JP,34.6667,138.95,75.31,93,100,33.96,heavy intensity rain
131,Saint-Denis,FR,48.9167,2.3333,56.1,66,0,1.01,clear sky
132,Tiksi,RU,71.6872,128.8694,29.3,74,83,5.08,broken clouds
133,Katsuura,JP,35.1333,140.3,70.11,96,100,31.05,overcast clouds
134,Griffith,US,41.5284,-87.4237,79.39,59,1,5.75,clear sky
135,Acari,PE,-15.4311,-74.6158,67.71,71,11,5.41,few clouds
136,Chokurdakh,RU,70.6333,147.9167,16.0,91,54,9.19,broken clouds
137,Half Moon Bay,US,37.4636,-122.4286,92.91,22,1,0.0,clear sky
138,Kodiak,US,57.79,-152.4072,51.31,40,75,9.22,light rain
139,Saint Anthony,US,45.0205,-93.218,82.26,68,1,5.75,clear sky
140,Arraial Do Cabo,BR,-22.9661,-42.0278,69.71,89,7,8.93,clear sky
141,Xiaoweizhai,CN,26.1903,107.5125,66.96,95,1,1.05,clear sky
142,North Myrtle Beach,US,33.816,-78.68,77.29,83,88,1.99,overcast clouds
143,Nanakuli,US,21.3906,-158.1547,89.55,52,40,9.22,scattered clouds
144,Bethel,US,41.3712,-73.414,59.56,79,75,0.0,broken clouds
145,Praia,CV,14.9215,-23.5087,79.34,83,20,10.36,few clouds
146,Ranau,MY,5.9538,116.6641,70.45,95,94,0.54,overcast clouds
147,Warangal,IN,18.0,79.5833,75.54,89,62,0.56,broken clouds
148,Mocuba,MZ,-16.8392,36.9856,69.8,97,21,2.44,few clouds
149,Romanovskaya,RU,47.5426,42.0285,41.16,55,3,8.3,clear sky
150,Bluff,NZ,-46.6,168.3333,52.81,78,67,21.45,broken clouds
151,Balkanabat,TM,39.5108,54.3671,62.38,42,17,8.03,few clouds
152,Konevo,RU,62.1215,39.3192,46.51,96,100,3.71,overcast clouds
153,Mackenzie,CA,55.2999,-123.1698,54.82,58,50,11.97,scattered clouds
154,Faanui,PF,-16.4833,-151.75,79.45,71,2,17.34,clear sky
155,Mackay,AU,-21.15,149.2,77.68,73,54,9.91,broken clouds
156,Kavieng,PG,-2.5744,150.7967,83.34,75,92,10.89,light rain
157,Fukue,JP,32.6881,128.8419,75.56,88,40,16.11,scattered clouds
158,Dunedin,NZ,-45.8742,170.5036,59.81,59,24,9.17,few clouds
159,Preobrazheniye,RU,42.9019,133.9064,58.51,79,65,7.74,moderate rain
160,Petropavlovsk-Kamchatskiy,RU,53.0452,158.6483,46.99,81,75,6.71,light rain
161,Bambous Virieux,MU,-20.3428,57.7575,72.21,76,31,13.98,scattered clouds
162,Mount Gambier,AU,-37.8333,140.7667,53.51,100,90,18.41,overcast clouds
163,Bathsheba,BB,13.2167,-59.5167,83.1,73,97,13.76,overcast clouds
164,Alice Springs,AU,-23.7,133.8833,65.75,24,0,0.0,clear sky
165,Georgetown,MY,5.4112,100.3354,82.33,89,20,0.0,few clouds
166,Shimanovsk,RU,52.0,127.7,34.25,85,86,8.23,overcast clouds
167,Haines Junction,CA,60.7522,-137.5108,41.23,64,99,3.31,overcast clouds
168,Chapais,CA,49.7834,-74.8492,47.79,66,99,4.52,overcast clouds
169,Honningsvag,NO,70.9821,25.9704,46.22,77,13,15.17,few clouds
170,Kudahuvadhoo,MV,2.6708,72.8944,82.04,70,91,8.12,overcast clouds
171,Port Hardy,CA,50.6996,-127.4199,54.99,86,90,5.61,light rain
172,Stornoway,GB,58.2093,-6.3865,51.93,87,40,6.91,scattered clouds
173,Qasigiannguit,GL,68.8193,-51.1922,28.65,79,100,4.63,overcast clouds
174,Butaritari,KI,3.0707,172.7902,81.59,77,87,12.3,light rain
175,Cape Town,ZA,-33.9258,18.4232,61.12,70,0,9.89,clear sky
176,Tigil,RU,57.8,158.6667,38.82,92,100,7.99,light rain
177,Hithadhoo,MV,-0.6,73.0833,81.1,74,73,2.42,broken clouds
178,Bouar,CF,5.934,15.596,67.1,94,100,1.79,light rain
179,Lompoc,US,34.6391,-120.4579,91.54,35,1,16.11,clear sky
180,Portland,US,45.5234,-122.6762,62.58,90,90,1.01,light rain
181,Bastia,FR,42.6667,9.3333,70.03,72,0,4.61,clear sky
182,Leningradskiy,RU,69.3833,178.4167,25.7,93,100,12.73,light snow
183,Kibala,TD,9.1104,18.3463,75.47,85,55,1.68,broken clouds
184,Lufilufi,WS,-13.8745,-171.5986,81.55,77,61,24.07,broken clouds
185,Mumford,GH,5.2618,-0.759,77.18,90,82,10.09,light rain
186,Gudur,IN,14.1333,79.85,82.08,75,41,3.13,scattered clouds
187,Albany,US,42.6001,-73.9662,54.52,87,99,1.99,overcast clouds
188,Santa Rita,BR,-7.1139,-34.9781,74.14,89,11,7.27,few clouds
189,Avera,US,33.194,-82.5271,84.07,58,99,3.78,overcast clouds
190,Ketchikan,US,55.3422,-131.6461,51.55,90,100,5.75,light rain
191,Carahue,CL,-38.7,-73.1667,52.0,91,100,3.38,moderate rain
192,Batagay,RU,67.6333,134.6333,25.66,47,34,1.81,scattered clouds
193,Chara,RU,56.9064,118.2631,27.72,70,81,2.1,broken clouds
194,Rock Sound,BS,24.9,-76.2,81.82,73,9,17.69,clear sky
195,Ust-Tsilma,RU,65.441,52.1498,37.69,82,100,1.99,overcast clouds
196,Yar-Sale,RU,66.8333,70.8333,33.93,89,92,20.27,overcast clouds
197,Denpasar,ID,-8.65,115.2167,76.71,94,20,3.44,few clouds
198,Troy,US,42.6056,-83.1499,69.91,64,1,0.0,clear sky
199,Huarmey,PE,-10.0681,-78.1522,66.81,79,65,9.1,broken clouds
200,Ust-Kut,RU,56.7938,105.7672,27.81,95,70,2.42,broken clouds
201,Ixtapa,MX,20.7,-105.2,85.23,66,90,6.91,overcast clouds
202,Bilibino,RU,68.0546,166.4372,10.63,94,95,1.34,overcast clouds
203,Kovdor,RU,67.5662,30.4758,42.21,82,100,4.38,overcast clouds
204,Paragominas,BR,-2.9667,-47.4833,75.69,85,68,4.21,broken clouds
205,Hambantota,LK,6.1241,81.1185,77.34,100,20,1.14,few clouds
206,Ashta,IN,23.0167,76.7167,73.62,91,75,4.18,broken clouds
207,Biltine,TD,14.5333,20.9167,83.08,20,4,9.46,clear sky
208,Camacha,PT,33.0833,-16.3333,68.76,73,75,11.5,broken clouds
209,Saldanha,ZA,-33.0117,17.9442,58.19,88,0,9.42,clear sky
210,Sambava,MG,-14.2667,50.1667,67.96,89,22,8.86,few clouds
211,Lithgow,AU,-33.4833,150.15,60.08,51,83,7.05,broken clouds
212,Sao Felix Do Xingu,BR,-6.6447,-51.995,74.44,83,82,1.1,light rain
213,Seymchan,RU,62.8833,152.4333,27.28,88,100,6.42,light snow
214,Makakilo City,US,21.3469,-158.0858,88.12,56,40,9.22,scattered clouds
215,Chumikan,RU,54.7183,135.315,44.19,67,99,21.12,overcast clouds
216,Coahuayana,MX,18.7333,-103.6833,81.88,80,94,4.92,overcast clouds
217,Gilbues,BR,-9.8317,-45.3439,86.31,28,53,3.94,broken clouds
218,Praia Da Vitoria,PT,38.7333,-27.0667,70.75,88,40,3.29,scattered clouds
219,Upernavik,GL,72.7868,-56.1549,32.22,78,100,13.42,overcast clouds
220,Suntar,RU,62.1444,117.6319,26.83,87,31,3.56,scattered clouds
221,Bireun,ID,5.203,96.7009,75.56,90,100,3.2,light rain
222,Boralday,KZ,43.3578,76.8594,48.06,71,90,8.95,overcast clouds
223,Rosarito,MX,32.3333,-117.0333,92.08,48,0,10.96,clear sky
224,Haapsalu,EE,58.9431,23.5414,49.91,85,100,13.4,overcast clouds
225,Kasongo-Lunda,CD,-6.4667,16.8167,71.4,95,100,1.95,light rain
226,Puri,IN,19.8,85.85,83.37,81,82,8.39,broken clouds
227,Aklavik,CA,68.2191,-135.0107,24.53,88,86,4.07,overcast clouds
228,Doha,QA,25.2867,51.5333,82.38,69,0,1.14,clear sky
229,Oussouye,SN,12.485,-16.5469,79.81,84,28,6.17,scattered clouds
230,Huilong,CN,31.8111,121.655,71.92,80,0,3.04,clear sky
231,Jiayuguan,CN,39.8167,98.3,53.83,28,25,3.29,scattered clouds
232,Nuuk,GL,64.1835,-51.7216,34.41,64,44,8.05,scattered clouds
233,Vitim,RU,59.4511,112.5578,28.99,98,97,2.91,overcast clouds
234,Laramie,US,41.3114,-105.5911,55.09,54,88,1.99,overcast clouds
235,Karratha,AU,-20.7377,116.8463,72.91,55,28,13.76,scattered clouds
236,Illela,NG,13.7292,5.2975,87.87,35,6,6.69,clear sky
237,Seminole,US,28.7086,-81.2081,83.37,73,1,10.36,clear sky
238,Muzhi,RU,65.3667,64.6667,32.83,82,15,11.83,few clouds
239,Povolzhskiy,RU,53.5854,49.7629,44.22,83,100,4.59,overcast clouds
240,Magnor,SE,59.9511,12.1996,50.41,96,100,4.05,moderate rain
241,Monrovia,LR,6.3005,-10.7969,76.77,85,91,7.34,overcast clouds
242,Rudnya,RU,54.947,31.0934,38.03,91,72,6.31,broken clouds
243,Villa Carlos Paz,AR,-31.4241,-64.4978,65.39,43,3,4.0,clear sky
244,Leua,SK,48.2156,18.6071,51.49,82,50,2.51,scattered clouds
245,Hamilton,US,39.1834,-84.5333,74.75,65,1,0.0,clear sky
246,Sadovoye,RU,47.7764,44.5089,43.79,55,6,6.2,clear sky
247,Zavetnoye,RU,47.1194,43.8903,43.52,52,0,7.56,clear sky
248,Kahului,US,20.8947,-156.47,85.26,81,75,16.11,light rain
249,Westport,US,41.1415,-73.3579,62.98,62,90,1.99,overcast clouds
250,Ugoofaaru,MV,5.6667,73.0,81.5,77,83,11.34,broken clouds
251,Sioux Lookout,CA,50.1001,-91.917,72.64,65,81,4.21,broken clouds
252,Batticaloa,LK,7.7102,81.6924,78.39,84,100,3.09,moderate rain
253,Gizo,SB,-8.103,156.8419,83.32,74,91,8.77,overcast clouds
254,Calamar,CO,10.2511,-74.9146,84.15,89,100,6.58,overcast clouds
255,Asau,RO,46.4333,26.4,45.75,83,75,2.15,broken clouds
256,Hofn,IS,64.2539,-15.2082,45.93,72,100,22.1,overcast clouds
257,Phek,IN,25.6667,94.5,57.18,99,48,0.72,scattered clouds
258,Ninghai,CN,29.2892,121.4247,70.74,82,0,2.62,clear sky
259,Olinda,BR,-8.0089,-34.8553,80.33,78,75,9.22,broken clouds
260,Kyra,RU,49.5776,111.9753,26.08,82,4,3.22,clear sky
261,Svetlogorsk,BY,52.6333,29.7333,40.06,82,50,6.35,scattered clouds
262,Yeppoon,AU,-23.1333,150.7333,69.58,73,98,3.18,overcast clouds
263,Karasjok,NO,69.4719,25.5112,42.91,90,72,8.08,broken clouds
264,Miles City,US,46.4083,-105.8406,77.5,24,1,4.61,clear sky
265,Lima,PE,-12.0432,-77.0282,61.14,84,74,8.14,broken clouds
266,Manacapuru,BR,-3.2997,-60.6206,72.18,68,99,4.41,overcast clouds
267,Loucovice,CZ,48.6202,14.2575,43.14,75,47,0.92,scattered clouds
268,Kirakira,SB,-10.4544,161.9205,84.38,72,92,7.83,overcast clouds
269,Te Anau,NZ,-45.4167,167.7167,53.31,64,33,3.36,scattered clouds
270,Oranjemund,NA,-28.55,16.4333,56.17,95,6,5.93,clear sky
271,Port Moresby,PG,-9.4431,147.1797,79.36,85,100,1.25,overcast clouds
272,Novyye Burasy,RU,52.1324,46.0714,45.95,62,100,4.76,overcast clouds
273,Tefe,BR,-3.3542,-64.7114,79.93,73,100,1.7,overcast clouds
274,Urumqi,CN,43.801,87.6005,58.15,39,0,8.95,clear sky
275,Havoysund,NO,70.9963,24.6622,45.48,80,37,10.31,scattered clouds
276,Mnogovershinnyy,RU,53.9353,139.9242,42.21,92,96,4.74,light rain
277,Eydhafushi,MV,5.1033,73.0708,81.5,77,77,10.25,broken clouds
278,Pevek,RU,69.7008,170.3133,27.57,86,100,10.42,light snow
279,Alofi,NU,-19.0595,-169.9187,80.49,69,75,13.8,broken clouds
280,Acajutla,SV,13.5928,-89.8275,91.74,78,20,5.32,few clouds
281,Tromso,NO,69.6496,18.957,45.37,87,0,1.01,clear sky
282,Flin Flon,CA,54.7682,-101.865,63.41,36,16,5.66,few clouds
283,Uchana,IN,29.4667,76.1667,80.71,73,24,4.0,few clouds
284,Inirida,CO,3.8653,-67.9239,74.82,95,45,3.22,scattered clouds
285,Santo Antonio Do Ica,BR,-3.1022,-67.9397,78.28,85,100,0.94,light rain
286,Eyl,SO,7.9803,49.8164,78.24,83,99,17.96,overcast clouds
287,Ongandjera,NA,-17.8833,15.0667,69.19,20,1,14.12,clear sky
288,Southbridge,US,42.0751,-72.0334,56.16,79,87,3.62,overcast clouds
289,Hami,CN,42.8,93.45,62.85,32,6,7.78,clear sky
290,Kindu,CD,-2.95,25.95,70.97,97,100,1.74,overcast clouds
291,Bosaso,SO,11.2842,49.1816,87.84,57,80,4.38,broken clouds
292,Padang,ID,-0.9492,100.3543,75.94,82,100,2.73,overcast clouds
293,Uzunovo,RU,54.5386,38.6173,37.65,88,9,2.42,clear sky
294,Ulety,RU,51.3572,112.4849,26.31,87,22,3.36,few clouds
295,Lewisporte,CA,49.2499,-55.0482,57.13,99,100,5.88,overcast clouds
296,Buenos Aires,AR,-34.6132,-58.3772,62.33,93,75,8.05,broken clouds
297,Muroto,JP,33.2833,134.15,80.64,72,54,4.07,broken clouds
298,Codrington,AU,-38.2667,141.9667,56.44,96,99,20.07,overcast clouds
299,Poronaysk,RU,49.2167,143.1167,54.84,68,39,5.95,scattered clouds
300,Sao Joao Da Barra,BR,-21.6403,-41.0511,71.67,84,78,9.95,broken clouds
301,Tamworth,GB,52.634,-1.6959,59.63,87,100,7.0,light rain
302,Trelew,AR,-43.249,-65.3051,58.91,17,66,22.37,broken clouds
303,Udachnyy,RU,66.4167,112.4,29.03,66,64,3.29,broken clouds
304,Inuvik,CA,68.3499,-133.7218,22.08,92,51,4.81,broken clouds
305,Havre-Saint-Pierre,CA,50.2334,-63.5986,43.16,93,90,16.11,overcast clouds
306,Vardo,NO,70.3705,31.1107,45.61,79,23,13.35,few clouds
307,Agadez,NE,19.75,10.25,81.21,14,17,10.85,few clouds
308,Yurgamysh,RU,55.3714,64.4656,34.75,81,61,10.22,broken clouds
309,Panyutyne,UA,48.9333,36.2833,43.29,62,0,7.31,clear sky
310,Bafang,CM,5.1563,10.1788,63.95,99,96,0.16,light rain
311,Amurzet,RU,47.6967,131.0981,45.55,66,25,7.31,scattered clouds
312,Palmer,US,42.1584,-72.3287,56.44,74,20,0.0,few clouds
313,San-Pedro,CI,4.7485,-6.6363,76.06,93,50,4.83,scattered clouds
314,Lethem,GY,3.3803,-59.7968,85.26,55,89,4.07,overcast clouds
315,Mareeba,AU,-17.0,145.4333,76.48,78,90,1.86,overcast clouds
316,Peace River,CA,56.2501,-117.286,66.11,28,25,21.27,scattered clouds
317,Bilma,NE,18.6853,12.9164,84.54,12,0,11.72,clear sky
318,Krasnoselkup,RU,65.7,82.4667,29.39,96,100,14.85,light snow
319,Rio Branco,BR,-9.9747,-67.81,79.41,78,20,2.3,few clouds
320,Misratah,LY,32.3754,15.0925,77.27,61,0,10.63,clear sky
321,Norman Wells,CA,65.282,-126.8329,39.58,82,98,7.85,overcast clouds
322,Ayagoz,KZ,47.9714,80.4392,44.1,64,100,12.5,overcast clouds
323,Lagoa,PT,39.05,-27.9833,70.38,86,58,4.92,broken clouds
324,Kaitangata,NZ,-46.2817,169.8464,53.92,58,80,12.26,broken clouds
325,Merauke,ID,-8.4667,140.3333,81.19,79,93,9.73,overcast clouds
326,Beisfjord,NO,68.3751,17.5988,46.26,83,81,8.99,broken clouds
327,Narsaq,GL,60.9167,-46.05,32.22,46,0,4.05,clear sky
328,Pochutla,MX,15.7432,-96.4661,86.83,76,83,3.76,broken clouds
329,Oskemen,KZ,49.9565,82.6119,44.56,93,90,17.9,overcast clouds
330,Maun,BW,-19.9833,23.4167,76.69,27,82,5.57,broken clouds
331,Torbay,CA,47.6666,-52.7314,61.88,98,90,2.3,fog
332,Milkovo,RU,54.7167,158.6167,41.04,83,100,3.69,overcast clouds
333,Bayir,TR,37.2687,28.2167,61.32,52,0,5.06,clear sky
334,Mangan,IN,27.5167,88.5333,72.52,83,96,3.04,overcast clouds
335,Lebedinyy,RU,58.5167,125.5167,26.73,97,100,4.5,snow
336,Tessalit,ML,20.1986,1.0114,85.59,10,14,8.72,few clouds
337,Pendleton,US,45.6721,-118.7886,81.05,28,40,3.0,scattered clouds
338,Yerbogachen,RU,61.2767,108.0108,27.79,91,21,3.6,few clouds
339,Shingu,JP,33.7333,135.9833,76.19,83,100,9.6,light rain
340,San Andres,CO,12.5847,-81.7006,84.22,79,75,6.91,broken clouds
341,Suez,EG,29.9737,32.5263,70.66,84,0,9.13,clear sky
342,Redwater,US,33.3582,-94.2544,85.42,68,49,5.7,scattered clouds
343,Severo-Kurilsk,RU,50.6789,156.125,48.02,97,100,20.51,light rain
344,Tuatapere,NZ,-46.1333,167.6833,52.83,66,71,7.87,broken clouds
345,Quatre Cocos,MU,-20.2078,57.7625,72.09,77,36,14.14,scattered clouds
346,Roma,US,43.2128,-75.4557,57.06,72,75,8.05,broken clouds
347,Thinadhoo,MV,0.5333,72.9333,81.7,71,57,4.43,broken clouds
348,Sitka,US,57.0531,-135.33,51.69,82,90,20.71,moderate rain
349,Altamont,US,42.2068,-121.7372,74.89,21,1,1.01,clear sky
350,Faya,SA,18.3851,42.4509,63.12,34,81,1.57,broken clouds
351,Aripuana,BR,-9.1667,-60.6333,77.92,75,91,3.94,overcast clouds
352,Kalmunai,LK,7.4167,81.8167,78.58,84,100,2.24,heavy intensity rain
353,Winneba,GH,5.3511,-0.6231,76.78,91,84,8.88,light rain
354,Pangnirtung,CA,66.1451,-65.7125,35.82,43,81,2.82,broken clouds
355,Boone,US,39.0334,-92.3335,76.66,52,98,8.75,heavy intensity rain
356,Sungaipenuh,ID,-2.0833,101.3833,64.04,90,100,0.6,overcast clouds
357,White Rock,CA,49.0164,-122.8026,60.69,88,91,5.01,light rain
358,Berlevag,NO,70.8578,29.0864,44.29,81,6,13.2,clear sky
359,Barcelos,PT,41.5388,-8.6151,64.92,79,89,3.49,overcast clouds
360,Garissa,KE,-0.4536,39.6401,74.84,83,83,16.24,broken clouds
361,Mitsamiouli,KM,-11.3847,43.2844,75.87,82,47,8.39,scattered clouds
362,Petatlan,MX,17.5167,-101.2667,89.4,78,85,3.51,overcast clouds
363,Yang Talat,TH,16.3998,103.3679,79.36,89,2,2.73,clear sky
364,Kupang,ID,-10.1667,123.5833,80.2,68,7,1.97,clear sky
365,Tarabha,IN,20.7333,83.65,76.41,90,99,3.24,overcast clouds
366,Lokoja,NG,7.8024,6.743,77.13,83,95,2.93,light rain
367,Batagay-Alyta,RU,67.8006,130.4114,19.85,70,33,3.06,scattered clouds
368,Tazovskiy,RU,67.4667,78.7,32.11,95,100,18.03,overcast clouds
369,Port Macquarie,AU,-31.4333,152.9167,68.9,57,96,5.55,overcast clouds
370,Vila Do Maio,CV,15.1333,-23.2167,79.59,75,72,7.76,broken clouds
371,Abu Samrah,SY,35.3029,37.1841,68.41,64,0,4.63,clear sky
372,Bahia Blanca,AR,-38.7196,-62.2724,58.91,33,4,7.38,clear sky
373,Ahualulco,MX,22.4,-101.1667,73.22,55,64,11.72,broken clouds
374,Kieta,PG,-6.2167,155.6333,80.06,84,100,3.36,light rain
375,Khani,GE,41.9563,42.9566,51.37,94,100,3.65,overcast clouds
376,Araouane,ML,18.9048,-3.5265,90.81,36,66,14.29,broken clouds
377,Naryan-Mar,RU,67.6713,53.087,34.02,81,100,2.35,overcast clouds
378,Beloit,US,42.5084,-89.0318,84.29,44,75,4.0,broken clouds
379,Grindavik,IS,63.8424,-22.4338,43.27,75,75,19.57,broken clouds
380,Urengoy,RU,65.9667,78.3667,32.36,95,100,14.32,overcast clouds
381,Inhambane,MZ,-23.865,35.3833,69.53,88,7,4.92,clear sky
382,Harlingen,US,26.1906,-97.6961,92.34,48,20,13.8,few clouds
383,Dakar,SN,14.6937,-17.4441,79.68,79,18,12.15,few clouds
384,Klaksvik,FO,62.2266,-6.589,49.12,86,98,18.52,overcast clouds
385,Loknya,RU,56.83,30.1467,37.92,95,61,4.92,broken clouds
386,Naliya,IN,23.2667,68.8333,80.19,86,100,18.63,overcast clouds
387,Yulara,AU,-25.2406,130.9889,69.64,26,0,13.8,clear sky
388,Agara,GE,42.0376,43.8238,51.87,94,100,8.48,overcast clouds
389,Ballina,AU,-28.8667,153.5667,68.77,69,100,8.23,overcast clouds
390,Nome,US,64.5011,-165.4064,37.47,53,75,12.66,broken clouds
391,Nanortalik,GL,60.1432,-45.2371,37.71,62,0,8.79,clear sky
392,Waipawa,NZ,-41.4122,175.5153,56.3,57,5,2.15,clear sky
393,Akhalgori,GE,42.126,44.4833,49.51,96,100,3.56,overcast clouds
394,Priyutnoye,RU,46.1011,43.5072,44.15,51,0,10.27,clear sky
395,Mlalo,TZ,-4.9333,38.9333,69.96,94,59,5.61,light rain
396,Iskateley,RU,67.6803,53.1512,33.87,81,100,2.21,overcast clouds
397,Raymond Terrace,AU,-32.75,151.75,70.75,77,75,8.05,broken clouds
398,Aquiraz,BR,-3.9014,-38.3911,84.22,68,40,12.64,scattered clouds
399,Vyshhorod,UA,50.5848,30.4898,45.82,80,10,5.57,clear sky
400,Jaisalmer,IN,26.9147,70.9181,83.64,67,98,7.99,overcast clouds
401,Ferrol,ES,43.4832,-8.2369,59.36,86,100,3.67,overcast clouds
402,Taber,CA,49.8167,-112.1518,74.28,22,13,15.73,few clouds
403,Aykhal,RU,66.0,111.5,27.81,60,67,5.37,broken clouds
404,Dwarka,IN,22.2394,68.9678,81.18,86,100,19.26,overcast clouds
405,Vila Franca Do Campo,PT,37.7167,-25.4333,71.2,89,69,2.51,broken clouds
406,Niceville,US,30.5169,-86.4822,84.15,72,75,4.0,broken clouds
407,Berdigestyakh,RU,62.0989,126.6992,29.25,75,99,5.37,overcast clouds
408,San Juan,AR,-31.5375,-68.5364,70.74,26,0,16.49,clear sky
409,Roura,GF,4.7263,-52.3274,82.96,89,0,0.0,clear sky
410,Muravlenko,RU,63.7898,74.523,32.0,97,100,18.01,light snow
411,Caninde,BR,-4.3589,-39.3117,81.52,55,67,4.68,broken clouds
412,Tabuk,PH,17.4189,121.4443,76.51,90,94,2.19,overcast clouds
413,Pilar,BR,-9.5972,-35.9567,75.13,94,32,5.64,scattered clouds
414,Prosvet,RU,55.5703,65.0825,35.65,79,67,9.82,broken clouds
415,Sao Filipe,CV,14.8961,-24.4956,79.59,77,88,6.11,overcast clouds
416,Parrita,CR,9.5201,-84.3225,80.51,85,93,2.64,overcast clouds
417,Mistelbach,AT,48.57,16.5767,53.91,57,65,1.92,broken clouds
418,Ostrovnoy,RU,68.0531,39.5131,42.84,87,100,4.7,overcast clouds
419,Blagodatnoye,RU,45.3997,42.5867,40.12,53,6,15.03,clear sky
420,Chunskiy,RU,56.0815,99.6342,32.7,85,97,3.87,overcast clouds
421,Palmerston,AU,-12.486,130.9833,85.93,72,75,4.61,broken clouds
422,Carutapera,BR,-1.195,-46.02,78.55,80,99,5.61,moderate rain
423,Bahia Honda,CU,22.9036,-83.1592,79.43,81,72,9.93,broken clouds
424,Oga,IT,46.4631,10.347,49.64,87,63,2.86,broken clouds
425,Tuy Hoa,VN,13.0833,109.3,76.8,92,71,3.65,broken clouds
426,Sorong,ID,-0.8833,131.25,80.89,80,64,1.92,broken clouds
427,Xining,CN,36.6167,101.7667,48.45,49,28,2.8,scattered clouds
428,Mahibadhoo,MV,3.7833,72.9667,82.11,70,99,9.6,overcast clouds
429,Paamiut,GL,61.994,-49.6678,36.68,64,0,17.63,clear sky
430,La Reforma,MX,25.0833,-108.05,94.14,57,0,10.04,clear sky
431,Iqaluit,CA,63.7506,-68.5145,28.13,100,90,2.3,fog
432,Fortuna,US,40.5982,-124.1573,82.47,67,20,5.01,few clouds
433,Taltal,CL,-25.4,-70.4833,61.57,72,23,3.56,few clouds
434,Pizarro,CO,4.9533,-77.366,75.34,87,99,6.71,overcast clouds
435,Marawi,PH,7.9986,124.2928,67.64,88,79,1.19,broken clouds
436,Wanaka,NZ,-44.7,169.15,56.1,54,2,5.01,clear sky
437,Abatskoye,RU,56.2875,70.4555,33.93,74,85,8.3,overcast clouds
438,Chokwe,MZ,-24.5333,32.9833,70.14,80,95,5.44,overcast clouds
439,Mar Del Plata,AR,-38.0023,-57.5575,58.12,48,40,5.75,scattered clouds
440,Broome,US,42.2506,-75.833,55.6,70,75,1.01,broken clouds
441,Antofagasta,CL,-23.65,-70.4,58.28,79,39,8.03,scattered clouds
442,Saint-Louis,SN,16.3333,-15.0,86.04,60,41,11.34,scattered clouds
443,Tucuman,AR,-26.8241,-65.2226,80.53,37,1,3.8,clear sky
444,Cabreuva,BR,-23.3075,-47.1328,68.27,76,4,12.19,clear sky
445,Gambela,ET,8.25,34.5833,69.44,94,79,4.7,broken clouds
446,Osypenko,UA,46.9136,36.8253,49.75,54,2,15.28,clear sky
447,Makat,KZ,47.6469,53.3463,45.72,53,44,5.17,scattered clouds
448,Komsomolskiy,UZ,40.4272,71.7189,58.42,42,83,6.44,broken clouds
449,Iquitos,PE,-3.7481,-73.2472,80.58,71,98,1.03,overcast clouds
450,Muros,ES,42.7762,-9.0603,60.24,85,99,5.99,overcast clouds
451,Erzin,TR,36.9559,36.2,74.12,79,4,1.32,clear sky
452,Reconquista,AR,-29.15,-59.65,79.29,61,51,9.19,broken clouds
453,Gazli,UZ,40.1333,63.45,54.91,38,6,16.37,clear sky
454,Port Blair,IN,11.6667,92.75,80.96,83,63,8.28,broken clouds
455,Beidao,CN,34.5686,105.8933,60.93,91,3,1.25,clear sky
456,Ormara,PK,25.2088,64.6357,83.35,74,97,18.32,overcast clouds
457,Marrakesh,MA,31.6315,-8.0083,84.27,37,40,3.44,scattered clouds
458,Tarija,BO,-21.5355,-64.7296,66.61,64,80,3.4,broken clouds
459,Ocos,GT,14.5094,-92.1933,85.91,73,44,3.47,scattered clouds
460,Sangar,RU,63.9242,127.4739,29.44,74,3,2.53,clear sky
461,Leh,IN,34.1667,77.5833,54.64,37,0,3.8,clear sky
462,Souillac,MU,-20.5167,57.5167,72.36,74,60,13.47,broken clouds
463,Gallup,US,35.5281,-108.7426,48.04,87,90,1.01,overcast clouds
464,Sidney,AU,-33.8679,151.2073,65.32,80,0,6.91,light rain
465,Salalah,OM,17.0151,54.0924,80.69,83,20,2.3,few clouds
466,Cururupu,BR,-1.8283,-44.8683,75.56,89,85,3.18,overcast clouds
467,Constitucion,CL,-35.3333,-72.4167,50.68,72,10,10.45,clear sky
468,Fomboni,KM,-12.28,43.7425,76.87,80,8,11.07,clear sky
469,Noshiro,JP,40.2039,140.0242,67.03,81,100,5.08,light rain
470,Teguldet,RU,57.3064,88.1667,36.59,96,100,4.7,overcast clouds
471,Saskylakh,RU,71.9167,114.0833,18.97,95,99,1.25,overcast clouds
472,Great Yarmouth,GB,52.6083,1.7305,61.05,87,100,22.84,overcast clouds
473,Kasama,ZM,-10.2129,31.1808,70.43,42,50,6.22,scattered clouds
474,Poya,NC,-21.35,165.15,79.21,64,30,6.53,scattered clouds
475,Phu Ly,VN,20.5411,105.9139,76.28,90,3,3.27,clear sky
476,Ilulissat,GL,69.2167,-51.1,28.42,59,75,1.14,broken clouds
477,Comodoro Rivadavia,AR,-45.8667,-67.5,44.46,76,0,3.44,light rain
478,Baker City,US,44.7749,-117.8344,72.82,24,1,11.5,clear sky
479,San Jose Del Palmar,CO,4.9742,-76.2283,67.66,99,99,0.4,overcast clouds
480,Awjilah,LY,29.1081,21.2869,74.57,64,14,9.62,few clouds
481,Kodinar,IN,20.7903,70.7031,79.68,88,99,10.76,overcast clouds
482,Stejaru,RO,44.7667,28.55,46.67,66,0,7.29,clear sky
483,Seddon,AU,-37.8068,144.8916,64.67,84,75,9.22,broken clouds
484,Laguna,US,38.421,-121.4238,91.49,18,1,1.01,clear sky
485,Huaura,PE,-11.07,-77.5994,66.74,78,35,9.31,scattered clouds
486,Kumluca,TR,36.3703,30.2869,73.94,59,34,5.12,scattered clouds
487,Eureka,US,40.8021,-124.1637,79.66,77,49,8.99,scattered clouds
488,Ilhabela,BR,-23.7781,-45.3581,68.94,90,95,7.05,overcast clouds
489,Pasni,PK,25.2631,63.471,85.15,68,100,8.52,overcast clouds
490,Ribas Do Rio Pardo,BR,-20.4431,-53.7592,87.49,33,64,3.74,broken clouds
491,Coari,BR,-4.085,-63.1414,77.88,77,98,0.76,overcast clouds
492,Beloha,MG,-25.1667,45.05,67.12,97,13,3.49,few clouds
493,Sao Bento,BR,-6.2833,-37.75,82.6,46,76,9.53,broken clouds
494,Banda Aceh,ID,5.5577,95.3222,78.17,82,100,6.85,overcast clouds
495,Lewiston,US,44.1003,-70.2148,53.24,92,90,4.61,overcast clouds
496,Ponta Delgada,PT,37.7333,-25.6667,71.51,88,20,3.44,few clouds
497,Acapulco,MX,16.8634,-99.8901,85.82,74,75,2.3,broken clouds
498,Yenagoa,NG,4.9247,6.2642,75.13,96,100,2.71,heavy intensity rain
499,Duvan,RU,55.695,57.9024,37.56,96,99,8.84,overcast clouds
500,Chulman,RU,56.8479,124.9104,26.06,93,100,7.09,light snow
501,West Des Moines,US,41.572,-93.7453,83.26,67,20,5.75,few clouds
502,Rawson,AR,-43.3002,-65.1023,58.53,22,74,23.76,broken clouds
503,Ulladulla,AU,-35.35,150.4667,66.87,67,99,0.65,overcast clouds
504,Olga,RU,43.7444,135.2892,56.41,68,70,3.8,broken clouds
505,Cabedelo,BR,-6.9811,-34.8339,77.67,83,19,11.14,few clouds
506,Bahar,IR,34.9072,48.4414,60.55,32,0,3.94,clear sky
507,Mendota,US,36.7536,-120.3816,88.02,11,0,4.74,clear sky
508,Ushtobe,KZ,45.2514,77.9838,49.87,61,100,13.42,overcast clouds
509,Angoche,MZ,-16.2325,39.9086,73.92,83,0,0.69,clear sky
510,Kurilsk,RU,45.2333,147.8833,57.49,95,95,10.54,overcast clouds
511,Loralai,PK,30.3705,68.598,72.45,69,3,3.74,clear sky
512,Omsukchan,RU,62.5333,155.8,23.79,89,100,6.96,light snow
513,Sola,VU,-13.8833,167.55,79.65,83,100,22.84,overcast clouds
514,Kuusamo,FI,65.9667,29.1833,42.84,75,90,4.61,overcast clouds
515,Lasa,IT,46.6166,10.7002,57.02,91,63,1.7,broken clouds
516,Oudtshoorn,ZA,-33.5907,22.2014,55.76,91,6,0.51,clear sky
517,Northam,GB,51.0333,-4.2167,61.39,95,100,17.54,overcast clouds
518,Bar Harbor,US,44.3876,-68.2039,53.24,80,75,8.01,broken clouds
519,Kulhudhuffushi,MV,6.6221,73.07,81.97,76,100,13.91,overcast clouds
520,Palpa,PE,-14.5336,-75.1856,74.59,51,49,7.16,scattered clouds
521,La Cruz,MX,23.9167,-106.9,85.1,68,0,9.08,clear sky
522,Gao,ML,16.6362,1.637,85.37,43,69,2.93,broken clouds
523,Srivardhan,IN,18.0333,73.0167,76.32,91,100,6.87,overcast clouds
524,Aviles,ES,43.5547,-5.9248,60.73,88,0,1.01,clear sky
525,Mogadishu,SO,2.0371,45.3438,77.99,87,93,15.46,overcast clouds
526,Mudgee,AU,-32.5943,149.5871,63.63,82,90,12.66,overcast clouds
527,Yumen,CN,40.2833,97.2,53.96,33,19,8.48,few clouds
528,Panama City,PA,8.9936,-79.5197,81.37,81,40,0.0,scattered clouds
529,Broken Hill,AU,-31.95,141.4333,57.76,66,80,22.28,broken clouds
530,Ariquemes,BR,-9.9133,-63.0408,77.95,70,89,2.62,moderate rain
531,Bardiyah,LY,31.7561,25.0865,73.74,69,0,13.42,clear sky
532,Mehamn,NO,71.0357,27.8492,43.23,83,7,8.95,clear sky
533,Beaupre,CA,47.0443,-70.8953,53.91,92,94,3.49,overcast clouds
534,Nipawin,CA,53.3668,-104.0009,70.27,21,28,9.89,scattered clouds
535,Daboh,IN,26.0025,78.8761,80.19,76,4,4.47,clear sky
536,Popondetta,PG,-8.7537,148.2534,86.58,60,100,2.64,overcast clouds
537,Albox,ES,37.3886,-2.1495,69.33,90,95,2.01,overcast clouds
538,Khandbari,NP,27.3747,87.2039,69.03,89,100,0.36,overcast clouds
539,Gawler,AU,-34.6,138.7333,57.63,97,100,9.69,overcast clouds
540,Boke,GN,10.9409,-14.2967,75.9,91,45,0.31,scattered clouds
541,Poum,NC,-20.2333,164.0167,75.4,81,73,20.29,broken clouds
542,Tiznit,MA,29.5833,-9.5,84.31,10,0,7.58,clear sky
543,Kuytun,RU,54.3419,101.5036,29.5,86,48,5.12,scattered clouds
544,Bambanglipuro,ID,-7.95,110.2833,61.61,85,99,4.79,overcast clouds
545,Saint-Joseph,RE,-21.3667,55.6167,70.16,79,39,10.42,scattered clouds
546,Ilo,PE,-17.6394,-71.3375,62.64,84,35,6.46,scattered clouds
547,Taungdwingyi,MM,20.0167,95.55,76.41,89,11,2.64,few clouds
548,Vestmanna,FO,62.1564,-7.1664,47.32,100,75,14.97,broken clouds
549,Tilichiki,RU,60.4667,166.1,33.31,36,28,8.21,scattered clouds
550,Tinskoy,RU,56.1525,96.9161,36.16,93,62,2.39,broken clouds
551,Escarcega,MX,18.6089,-90.7454,91.02,44,87,1.81,overcast clouds
552,Soe,ID,-9.8607,124.284,74.8,50,15,2.24,few clouds
553,Hibbing,US,47.4272,-92.9377,80.02,53,1,3.44,clear sky
554,Margate,GB,51.3813,1.3862,62.31,75,100,4.0,overcast clouds
555,Chepareria,KE,1.3077,35.2039,62.49,81,94,3.85,overcast clouds
556,Neuquen,AR,-38.9516,-68.0591,62.49,31,0,10.36,clear sky
557,Gushikawa,JP,26.3544,127.8686,81.99,69,20,13.8,few clouds
558,Liverpool,GB,53.4106,-2.9779,58.82,89,75,5.01,broken clouds
559,Saint Pete Beach,US,27.7253,-82.7412,88.14,59,1,1.99,clear sky
560,Lorengau,PG,-2.0226,147.2712,78.12,89,100,11.86,light rain
561,Weymouth,US,42.2209,-70.9398,57.76,76,90,1.01,overcast clouds
562,San Quintin,MX,30.4833,-115.95,72.91,66,0,12.71,clear sky
563,Trincomalee,LK,8.5711,81.2335,78.53,85,100,9.1,overcast clouds
564,Rundu,NA,-17.9333,19.7667,74.35,29,14,4.34,few clouds
565,Fort Nelson,CA,58.8053,-122.7002,44.19,87,75,2.3,broken clouds
566,Lazaro Cardenas,MX,17.9583,-102.2,83.44,75,36,4.9,scattered clouds
567,Damphu,BT,27.0721,90.1096,65.84,92,85,3.62,overcast clouds
568,Dandong,CN,40.1292,124.3947,59.65,92,81,4.59,broken clouds
569,Sozimskiy,RU,59.7418,52.2482,43.52,96,100,5.03,overcast clouds
570,Amahai,ID,-3.3333,128.9167,78.91,82,98,1.92,overcast clouds
571,Tra Vinh,VN,9.9347,106.3453,77.23,92,92,1.3,overcast clouds
572,Cayenne,GF,4.9333,-52.3333,83.08,78,0,3.0,clear sky
573,Bemidji,US,47.4736,-94.8803,79.14,59,40,6.91,scattered clouds
574,High Wycombe,GB,51.6291,-0.7493,60.3,92,100,1.01,overcast clouds
575,Lodwar,KE,3.1191,35.5973,84.2,46,74,18.05,broken clouds
576,Vegueta,PE,-11.0231,-77.6431,65.39,81,36,9.64,scattered clouds
577,Vestmannaeyjar,IS,63.4427,-20.2734,43.27,73,100,18.97,overcast clouds
578,Port Angeles,US,48.1181,-123.4307,60.57,95,90,6.91,overcast clouds
579,Khuzdar,PK,27.7384,66.6434,75.87,58,99,9.37,overcast clouds
580,Kosa,RU,59.9445,54.9977,43.14,97,100,5.01,overcast clouds
581,Lagos,NG,6.5833,3.75,75.15,94,100,2.98,light rain
582,Taoudenni,ML,22.6783,-3.9836,92.86,9,54,9.4,broken clouds
583,Eirunepe,BR,-6.6603,-69.8736,76.15,83,100,1.9,overcast clouds
584,Ulaanbaatar,MN,47.9077,106.8832,24.93,80,75,0.0,broken clouds
585,Port Hedland,AU,-20.3167,118.5667,73.45,94,2,8.05,clear sky
586,Santiago Del Estero,AR,-27.7951,-64.2615,83.8,33,0,9.57,clear sky
587,Baft,IR,29.234,56.6057,63.63,26,19,2.68,few clouds
588,Ribeira Brava,PT,32.65,-17.0667,72.72,72,10,8.77,clear sky
589,Choya,RU,52.0108,86.5467,43.36,98,100,2.73,light rain
590,Ville-Marie,CA,47.3335,-79.433,48.04,81,48,2.53,scattered clouds
591,Namatanai,PG,-3.6667,152.4333,81.99,76,97,8.55,light rain
592,Porto-Vecchio,FR,41.591,9.2795,69.33,94,0,3.44,clear sky
593,Montepuez,MZ,-13.1256,38.9997,69.51,88,23,3.98,few clouds
594,Mattru,SL,7.6244,-11.8332,74.26,97,40,2.08,scattered clouds
595,Peruibe,BR,-24.32,-46.9983,68.32,89,88,5.17,overcast clouds
596,Inongo,CD,-1.95,18.2667,68.59,99,100,3.83,overcast clouds
597,Ypsonas,CY,34.6884,32.9574,70.99,83,0,0.0,clear sky
598,Tari,NG,12.4086,4.4914,80.51,66,66,5.53,broken clouds
599,Bara,NG,10.3744,10.7288,76.87,77,44,4.59,scattered clouds
600,Talant,FR,47.3369,5.0089,43.41,87,0,2.3,clear sky
601,Montrose,US,38.4166,-108.2673,54.81,53,94,4.92,overcast clouds
602,Santos Dumont,BR,-21.4567,-43.5525,56.86,83,9,5.64,clear sky
603,Paka,MY,4.6374,103.4368,77.36,85,98,6.55,overcast clouds
604,Mehran,IR,33.1222,46.1646,74.68,19,0,9.64,clear sky
605,Emba,KZ,48.8264,58.1442,39.65,59,12,5.88,few clouds
606,Buala,SB,-8.145,159.5921,83.79,71,100,6.85,light rain
607,Dabakala,CI,8.3667,-4.4333,74.3,92,100,1.63,overcast clouds
608,San Isidro,PE,-12.1167,-77.05,62.26,84,75,1.01,broken clouds
609,Fairbanks,US,64.8378,-147.7164,35.94,65,90,3.44,overcast clouds
610,Canelones,UY,-34.6444,-56.2886,58.71,95,100,8.55,overcast clouds
611,Kommunar,RU,59.6206,30.39,44.13,94,24,5.5,few clouds
612,Verkhnyaya Toyma,RU,62.2349,44.9985,41.45,97,91,3.69,overcast clouds
613,Wuda,CN,39.4994,106.7117,62.01,23,18,4.63,few clouds
614,Maragogi,BR,-9.0122,-35.2225,75.18,88,32,8.68,scattered clouds
615,Plettenberg Bay,ZA,-34.0527,23.3716,59.77,87,100,1.5,overcast clouds
616,Jacareacanga,BR,-6.2222,-57.7528,74.95,92,99,2.28,overcast clouds
617,Colares,PT,38.7992,-9.4469,65.44,61,67,11.99,broken clouds
618,Verkhnyaya Inta,RU,65.9811,60.3094,35.56,74,100,7.38,overcast clouds
619,Ternate,ID,0.8,127.4,81.0,80,24,2.06,few clouds
620,Kochinda,IN,21.7333,84.35,73.87,98,99,3.58,overcast clouds
621,Olot,ES,42.181,2.4901,65.21,89,17,3.67,few clouds
622,Naze,JP,28.3667,129.4833,77.92,76,0,4.63,clear sky
623,Chalus,IR,36.655,51.4204,67.46,83,75,0.0,broken clouds
624,Gobabis,NA,-22.45,18.9667,63.48,19,50,8.77,scattered clouds
625,Aitape,PG,-3.1374,142.3475,81.39,80,100,2.48,overcast clouds
626,Deputatskiy,RU,69.3,139.9,13.62,78,100,3.11,overcast clouds
627,Skjervoy,NO,70.0311,20.9714,47.55,75,67,11.1,broken clouds
628,Khilok,RU,51.3674,110.4676,25.02,91,53,3.18,broken clouds
629,Nizwa,OM,22.9333,57.5333,83.97,57,100,0.74,overcast clouds
630,Luanda,AO,-8.8368,13.2343,72.73,85,100,8.66,overcast clouds
631,Nizhniy Tsasuchey,RU,50.5167,115.1333,29.64,73,38,5.88,scattered clouds
632,Barinas,VE,8.6226,-70.2075,78.98,69,22,3.06,few clouds
633,Saravena,CO,6.9538,-71.8752,72.91,99,95,2.35,moderate rain
634,Oistins,BB,13.0667,-59.5333,84.29,70,40,12.66,scattered clouds
635,Mayor Pablo Lagerenza,PY,-19.9309,-60.7718,100.65,19,1,10.63,clear sky
636,Minggang,CN,32.4586,114.0486,68.5,78,0,5.44,clear sky
637,Malazgirt,TR,39.1427,42.5401,54.64,53,9,0.74,clear sky
638,Beringovskiy,RU,63.05,179.3167,30.85,78,100,19.15,overcast clouds
639,Aleksandrov Gay,RU,50.147,48.5704,43.84,58,40,4.5,scattered clouds
640,Pacific Grove,US,36.6177,-121.9166,92.57,56,1,4.0,clear sky
641,Coxim,BR,-18.5067,-54.76,87.76,39,69,3.65,broken clouds
642,Moba,CN,33.2288,105.0179,55.47,92,21,3.31,few clouds
643,Kailua,US,21.4022,-157.7394,89.58,67,40,18.41,scattered clouds
644,Baoshan,CN,46.5586,131.4244,46.38,79,8,5.53,clear sky
645,Emerald,AU,-23.5333,148.1667,69.94,94,90,10.36,overcast clouds
646,Guntakal,IN,15.1667,77.3833,77.22,73,59,6.13,broken clouds
647,Manbij,SY,36.5281,37.9549,65.17,57,0,8.28,clear sky
648,Sur,OM,22.5667,59.5289,87.71,60,100,5.61,overcast clouds
649,Fernley,US,39.608,-119.2518,77.11,10,0,6.26,clear sky
650,Trairi,BR,-3.2778,-39.2689,79.11,82,71,8.9,broken clouds
651,Porto Belo,BR,-27.1578,-48.5531,71.96,84,95,8.3,overcast clouds
652,Ginir,ET,7.1333,40.7,59.61,85,100,4.54,overcast clouds
653,Rocha,UY,-34.4833,-54.3333,57.34,96,100,9.57,light rain
654,Raton,US,36.9034,-104.4391,57.81,65,75,14.97,broken clouds
655,Kortkeros,RU,61.8106,51.5806,42.8,96,100,3.29,overcast clouds
656,Chengdu,CN,30.6667,104.0667,75.09,88,20,0.0,few clouds
657,Boyolangu,ID,-8.1181,111.8935,75.24,90,91,7.14,overcast clouds
658,Kavaratti,IN,10.5669,72.642,81.46,79,99,12.88,overcast clouds
659,Clyde River,CA,70.4692,-68.5914,33.94,73,100,4.14,overcast clouds
660,Egvekinot,RU,66.3167,-179.1667,21.79,78,80,11.43,broken clouds
661,Parati,BR,-23.2178,-44.7131,68.97,94,95,2.35,overcast clouds
662,Heidenreichstein,AT,48.8667,15.1167,40.73,70,59,2.93,broken clouds
663,Calabozo,VE,8.9242,-67.4293,78.73,81,38,2.13,moderate rain
664,Matamoros,MX,25.5333,-103.25,93.31,22,20,4.61,few clouds
665,Loandjili,CG,-4.7561,11.8578,76.24,81,89,6.93,overcast clouds
666,Kongsberg,NO,59.6652,9.6465,50.41,97,100,2.3,light rain
667,Lovozero,RU,68.005,35.0117,40.39,88,100,3.2,overcast clouds
668,College,US,64.8569,-147.8028,37.06,65,90,3.44,overcast clouds
669,Oksfjord,NO,70.2396,22.3479,45.52,80,53,7.25,broken clouds
670,Saint-Pierre,RE,-21.3393,55.4781,71.24,74,20,4.61,few clouds
671,Masaguisi,PH,12.7545,121.4484,79.48,79,100,2.46,overcast clouds
672,Champerico,GT,14.3,-91.9167,85.95,76,25,3.85,scattered clouds
673,Haag,NL,52.0767,4.2986,58.95,71,100,11.01,overcast clouds
674,Singkawang,ID,0.9,109.0,76.71,92,100,3.18,light rain
675,Barma,SL,8.35,-11.3333,72.55,99,84,1.99,light rain
676,Baicheng,CN,45.6167,122.8167,42.03,60,0,7.11,clear sky
677,Conceicao Da Barra,BR,-18.5933,-39.7322,74.77,87,10,6.17,clear sky
678,Jimma,ET,7.6667,36.8333,58.98,95,86,1.3,overcast clouds
679,Mount Kisco,US,41.2043,-73.7271,63.09,81,1,3.44,clear sky
680,Novyy Urengoy,RU,66.0833,76.6333,31.96,93,100,17.81,overcast clouds
681,Gat,IL,31.61,34.7642,72.39,80,0,1.83,clear sky
682,Zanjan,IR,36.6736,48.4787,52.52,82,60,7.05,broken clouds
683,Salcininkai,LT,54.3,25.3833,46.99,73,100,9.71,overcast clouds
684,Myrtle Beach,US,33.6891,-78.8867,77.18,90,90,3.44,overcast clouds
685,Gela,IT,37.0803,14.2307,73.94,67,18,7.25,few clouds
686,Saint-Augustin,CA,51.226,-58.6502,45.7,93,100,25.9,overcast clouds
687,Pozo Colorado,PY,-23.4923,-58.7972,93.16,24,5,4.74,clear sky
688,Weligama,LK,5.9667,80.4167,77.65,89,86,8.57,overcast clouds
689,Kpalime,TG,6.9,0.6333,72.16,96,75,1.28,light rain
690,Dalvik,IS,65.9702,-18.5286,40.93,84,100,14.36,overcast clouds
691,Marystown,CA,47.1666,-55.1483,60.85,100,100,7.18,overcast clouds
692,Nouakchott,MR,18.0858,-15.9785,78.73,85,0,8.28,clear sky
693,Padilla,CO,3.2204,-76.3139,72.97,97,100,1.66,overcast clouds
694,Takoradi,GH,4.8845,-1.7554,76.46,90,86,7.2,light rain
695,Hobyo,SO,5.3505,48.5268,77.95,89,99,18.52,overcast clouds
696,San Carlos De Bariloche,AR,-41.1456,-71.3082,42.55,65,40,20.71,scattered clouds
697,Aksarka,RU,66.5606,67.7975,34.23,83,86,14.03,overcast clouds
698,Srednekolymsk,RU,67.45,153.6833,24.03,69,6,10.2,clear sky
